-- Вставка данных в таблицу регионов
INSERT INTO region (id, name) VALUES
    (1, 'Республика Адыгея'),
    (2, 'Республика Башкортостан'),
    (3, 'Республика Бурятия'),
    (4, 'Республика Алтай'),
    (5, 'Республика Дагестан'),
    (6, 'Республика Ингушетия'),
    (7, 'Кабардино-Балкарская Республика'),
    (8, 'Республика Калмыкия'),
    (9, 'Карачаево-Черкесская Республика'),
    (10, 'Республика Карелия'),
    (11, 'Республика Коми'),
    (12, 'Республика Марий Эл'),
    (13, 'Республика Мордовия'),
    (14, 'Республика Саха (Якутия)'),
    (15, 'Республика Северная Осетия — Алания'),
    (16, 'Республика Татарстан'),
    (17, 'Республика Тыва'),
    (18, 'Удмуртская Республика'),
    (19, 'Республика Хакасия'),
    (20, 'Чеченская Республика'),
    (21, 'Чувашская Республика'),
    (22, 'Алтайский край'),
    (23, 'Краснодарский край'),
    (24, 'Красноярский край'),
    (25, 'Приморский край'),
    (26, 'Ставропольский край'),
    (27, 'Хабаровский край'),
    (28, 'Амурская область'),
    (29, 'Архангельская область'),
    (30, 'Астраханская область'),
    (31, 'Белгородская область'),
    (32, 'Брянская область'),
    (33, 'Владимирская область'),
    (34, 'Волгоградская область'),
    (35, 'Вологодская область'),
    (36, 'Воронежская область'),
    (37, 'Ивановская область'),
    (38, 'Иркутская область'),
    (39, 'Калининградская область'),
    (40, 'Калужская область'),
    (41, 'Камчатский край'),
    (42, 'Кемеровская область'),
    (43, 'Кировская область'),
    (44, 'Костромская область'),
    (45, 'Курганская область'),
    (46, 'Курская область'),
    (47, 'Ленинградская область'),
    (48, 'Липецкая область'),
    (49, 'Магаданская область'),
    (50, 'Московская область'),
    (51, 'Мурманская область'),
    (52, 'Нижегородская область'),
    (53, 'Новгородская область'),
    (54, 'Новосибирская область'),
    (55, 'Омская область'),
    (56, 'Оренбургская область'),
    (57, 'Орловская область'),
    (58, 'Пензенская область'),
    (59, 'Пермский край'),
    (60, 'Псковская область'),
    (61, 'Ростовская область'),
    (62, 'Рязанская область'),
    (63, 'Самарская область'),
    (64, 'Саратовская область'),
    (65, 'Сахалинская область'),
    (66, 'Свердловская область'),
    (67, 'Смоленская область'),
    (68, 'Тамбовская область'),
    (69, 'Тверская область'),
    (70, 'Томская область'),
    (71, 'Тульская область'),
    (72, 'Тюменская область'),
    (73, 'Ульяновская область'),
    (74, 'Челябинская область'),
    (75, 'Забайкальский край'),
    (76, 'Ярославская область'),
    (77, 'г. Москва'),
    (78, 'г. Санкт-Петербург'),
    (79, 'Еврейская автономная область'),
    (80, 'Ненецкий автономный округ'),
    (81, 'Ханты-Мансийский автономный округ — Югра'),
    (82, 'Чукотский автономный округ'),
    (83, 'Ямало-Ненецкий автономный округ'),
    (84, 'г. Севастополь'),
    (85, 'Республика Крым');

-- Вставка данных в таблицу городов
INSERT INTO city (id, name, region_id) VALUES
    (1, 'Майкоп', 1),
    (2, 'Уфа', 2),
    (3, 'Улан-Удэ', 3),
    (4, 'Горно-Алтайск', 4),
    (5, 'Махачкала', 5),
    (6, 'Назрань', 6),
    (7, 'Нальчик', 7),
    (8, 'Элиста', 8),
    (9, 'Черкесск', 9),
    (10, 'Петрозаводск', 10),
    (11, 'Сыктывкар', 11),
    (12, 'Йошкар-Ола', 12),
    (13, 'Саранск', 13),
    (14, 'Якутск', 14),
    (15, 'Владикавказ', 15),
    (16, 'Казань', 16),
    (17, 'Кызыл', 17),
    (18, 'Ижевск', 18),
    (19, 'Абакан', 19),
    (20, 'Грозный', 20),
    (21, 'Чебоксары', 21),
    (22, 'Барнаул', 22),
    (23, 'Краснодар', 23),
    (24, 'Красноярск', 24),
    (25, 'Владивосток', 25),
    (26, 'Ставрополь', 26),
    (27, 'Хабаровск', 27),
    (28, 'Благовещенск', 28),
    (29, 'Архангельск', 29),
    (30, 'Астрахань', 30),
    (31, 'Белгород', 31),
    (32, 'Брянск', 32),
    (33, 'Владимир', 33),
    (34, 'Волгоград', 34),
    (35, 'Вологда', 35),
    (36, 'Воронеж', 36),
    (37, 'Иваново', 37),
    (38, 'Иркутск', 38),
    (39, 'Калининград', 39),
    (40, 'Калуга', 40),
    (41, 'Петропавловск-Камчатский', 41),
    (42, 'Кемерово', 42),
    (43, 'Киров', 43),
    (44, 'Кострома', 44),
    (45, 'Курган', 45),
    (46, 'Курск', 46),
    (47, 'Гатчина', 47),
    (48, 'Липецк', 48),
    (49, 'Магадан', 49),
    (50, 'Красногорск', 50),
    (51, 'Мурманск', 51),
    (52, 'Нижний Новгород', 52),
    (53, 'Великий Новгород', 53),
    (54, 'Новосибирск', 54),
    (55, 'Омск', 55),
    (56, 'Оренбург', 56),
    (57, 'Орёл', 57),
    (58, 'Пенза', 58),
    (59, 'Пермь', 59),
    (60, 'Псков', 60),
    (61, 'Ростов-на-Дону', 61),
    (62, 'Рязань', 62),
    (63, 'Самара', 63),
    (64, 'Саратов', 64),
    (65, 'Южно-Сахалинск', 65),
    (66, 'Екатеринбург', 66),
    (67, 'Смоленск', 67),
    (68, 'Тамбов', 68),
    (69, 'Тверь', 69),
    (70, 'Томск', 70),
    (71, 'Тула', 71),
    (72, 'Тюмень', 72),
    (73, 'Ульяновск', 73),
    (74, 'Челябинск', 74),
    (75, 'Чита', 75),
    (76, 'Ярославль', 76),
    (77, 'Москва', 77),
    (78, 'Санкт-Петербург', 78),
    (79, 'Биробиджан', 79),
    (80, 'Нарьян-Мар', 80),
    (81, 'Ханты-Мансийск', 81),
    (82, 'Анадырь', 82),
    (83, 'Новый Уренгой', 83),
    (84, 'Севастополь', 84),
    (85, 'Симферополь', 85);

-- Вставка данных в таблицу предметов
INSERT INTO subject (id, name) VALUES
    (1, 'Математика'),
    (2, 'Физика'),
    (3, 'Русский язык'),
    (4, 'Информатика'),
    (5, 'Биология'),
    (6, 'Химия'),
    (7, 'Литература'),
    (8, 'История'),
    (9, 'Обществознание'),
    (10, 'Английский язык'),
    (11, 'География'),
    (12, 'Французский язык'),
    (13, 'Экономика'),
    (14, 'Немецкий язык'),
    (15, 'Испанский язык'),
    (16, 'Общественные науки'),
    (17, 'Философия'),
    (18, 'Право'),
    (19, 'Экология'),
    (20, 'Астрономия')
    ON CONFLICT ON CONSTRAINT subject_name_key DO NOTHING;

-- Вставка данных в таблицу университетов (50 университетов)
INSERT INTO university (id, short_name, full_name, type, avg_ege_score, country_ranking, city_id) VALUES
    (1, 'МГУ', 'Московский государственный университет имени М.В. Ломоносова', 'state', 85.5, 1, 77),
    (2, 'СПбГУ', 'Санкт-Петербургский государственный университет', 'state', 82.0, 2, 78),
    (3, 'КФУ', 'Казанский (Приволжский) федеральный университет', 'state', 78.5, 10, 16),
    (4, 'НГУ', 'Новосибирский государственный университет', 'state', 80.0, 5, 54),
    (5, 'МФТИ', 'Московский физико-технический институт', 'state', 87.0, 3, 77),
    (6, 'ЮФУ', 'Южный федеральный университет', 'state', 79.0, 8, 61),
    (7, 'УрФУ', 'Уральский федеральный университет имени первого Президента России Б.Н. Ельцина', 'state', 78.0, 9, 66),
    (8, 'ВШЭ', 'Национальный исследовательский университет Высшая школа экономики', 'state', 84.0, 4, 77),
    (9, 'ТГУ', 'Томский государственный университет', 'state', 77.5, 11, 70),
    (10, 'РГГУ', 'Российский государственный гуманитарный университет', 'state', 76.0, 15, 77),
    (11, 'ВГУ', 'Воронежский государственный университет', 'state', 75.5, 18, 36),
    (12, 'КубГУ', 'Кубанский государственный университет', 'state', 74.0, 20, 23),
    (13, 'СФУ', 'Сибирский федеральный университет', 'state', 76.5, 14, 24),
    (14, 'ДВФУ', 'Дальневосточный федеральный университет', 'state', 75.0, 19, 25),
    (15, 'СГТУ', 'Саратовский государственный технический университет имени Гагарина Ю.А.', 'state', 73.0, 22, 64),
    (16, 'ЯрГУ', 'Ярославский государственный университет имени П.Г. Демидова', 'state', 74.5, 21, 76),
    (17, 'ЧелГУ', 'Челябинский государственный университет', 'state', 73.5, 23, 74),
    (18, 'ПГНИУ', 'Пермский государственный национальный исследовательский университет', 'state', 75.0, 17, 59),
    (19, 'СамГУ', 'Самарский национальный исследовательский университет имени академика С.П. Королёва', 'state', 76.0, 16, 63),
    (20, 'ИрГУ', 'Иркутский государственный университет', 'state', 74.0, 24, 38),
    (21, 'КемГУ', 'Кемеровский государственный университет', 'state', 73.0, 25, 42),
    (22, 'АлтГУ', 'Алтайский государственный университет', 'state', 72.5, 26, 22),
    (23, 'ТюмГУ', 'Тюменский государственный университет', 'state', 74.5, 20, 72),
    (24, 'ОмГУ', 'Омский государственный университет имени Ф.М. Достоевского', 'state', 73.0, 27, 55),
    (25, 'РязГУ', 'Рязанский государственный университет имени С.А. Есенина', 'state', 72.0, 28, 62),
    (26, 'КрымФУ', 'Крымский федеральный университет имени В.И. Вернадского', 'state', 71.5, 30, 85),
    (27, 'СевГУ', 'Севастопольский государственный университет', 'state', 71.0, 31, 84),
    (28, 'ПГТУ', 'Поволжский государственный технологический университет', 'state', 72.0, 29, 12),
    (29, 'БФУ', 'Балтийский федеральный университет имени Иммануила Канта', 'state', 74.0, 19, 39),
    (30, 'СГУ', 'Саратовский национальный исследовательский государственный университет имени Н.Г. Чернышевского', 'state', 73.5, 22, 64),
    (31, 'МГТУ', 'Московский государственный технический университет имени Н.Э. Баумана', 'state', 83.0, 6, 77),
    (32, 'РЭУ', 'Российский экономический университет имени Г.В. Плеханова', 'state', 80.5, 7, 77),
    (33, 'МГМСУ', 'Московский государственный медико-стоматологический университет', 'state', 78.0, 12, 77),
    (34, 'СПбГЭУ', 'Санкт-Петербургский государственный экономический университет', 'state', 77.0, 13, 78),
    (35, 'ННГУ', 'Национальный исследовательский Нижегородский государственный университет имени Н.И. Лобачевского', 'state', 76.0, 15, 52),
    (36, 'КнАГУ', 'Комсомольский-на-Амуре государственный университет', 'state', 71.0, 32, 27),
    (37, 'ВлГУ', 'Владимирский государственный университет имени А.Г. и Н.Г. Столетовых', 'state', 72.5, 27, 33),
    (38, 'ВолГУ', 'Волгоградский государственный университет', 'state', 73.0, 25, 34),
    (39, 'КГМУ', 'Курский государственный медицинский университет', 'state', 74.0, 21, 46),
    (40, 'ОрёлГУ', 'Орловский государственный университет имени И.С. Тургенева', 'state', 72.0, 28, 57),
    (41, 'ПензГУ', 'Пензенский государственный университет', 'state', 72.5, 26, 58),
    (42, 'ТулГУ', 'Тульский государственный университет', 'state', 73.0, 24, 71),
    (43, 'БашГУ', 'Башкирский государственный университет', 'state', 74.5, 20, 2),
    (44, 'ДагГУ', 'Дагестанский государственный университет', 'state', 71.5, 30, 5),
    (45, 'ИнгГУ', 'Ингушский государственный университет', 'state', 70.5, 33, 6),
    (46, 'КБГУ', 'Кабардино-Балкарский государственный университет имени Х.М. Бербекова', 'state', 71.0, 31, 7),
    (47, 'КалмГУ', 'Калмыцкий государственный университет имени Б.Б. Городовикова', 'state', 70.0, 34, 8),
    (48, 'КарГУ', 'Карачаево-Черкесский государственный университет имени А.А. Кадырова', 'state', 70.0, 35, 9),
    (49, 'ПетрГУ', 'Петрозаводский государственный университет', 'state', 73.5, 23, 10),
    (50, 'УдГУ', 'Удмуртский государственный университет', 'state', 72.0, 28, 18);

-- Вставка данных в таблицу факультетов (около 200 факультетов, 3–7 на университет)
INSERT INTO faculty (id, name, university_id) VALUES
    -- МГУ (university_id=1, Москва)
    (1, 'Факультет вычислительной математики и кибернетики', 1),
    (2, 'Физический факультет', 1),
    (3, 'Экономический факультет', 1),
    (4, 'Факультет психологии', 1),
    (5, 'Филологический факультет', 1),
    (6, 'Факультет журналистики', 1),
    (7, 'Факультет иностранных языков и регионоведения', 1),
    -- СПбГУ (university_id=2, Санкт-Петербург)
    (8, 'Факультет математико-механический', 2),
    (9, 'Факультет журналистики', 2),
    (10, 'Факультет международных отношений', 2),
    (11, 'Факультет искусств', 2),
    (12, 'Факультет филологии', 2),
    (13, 'Факультет социологии', 2),
    (14, 'Факультет психологии', 2),
    -- КФУ (university_id=3, Казань)
    (15, 'Институт физики', 3),
    (16, 'Институт информационных технологий', 3),
    (17, 'Институт химии', 3),
    (18, 'Институт управления, экономики и финансов', 3),
    (19, 'Институт филологии и межкультурной коммуникации', 3),
    -- НГУ (university_id=4, Новосибирск)
    (20, 'Факультет информационных технологий', 4),
    (21, 'Факультет естественных наук', 4),
    (22, 'Факультет физики', 4),
    (23, 'Факультет математики', 4),
    -- МФТИ (university_id=5, Москва)
    (24, 'Факультет прикладной математики и информатики', 5),
    (25, 'Факультет общей и прикладной физики', 5),
    (26, 'Факультет молекулярной и биологической физики', 5),
    (27, 'Факультет управления и прикладной математики', 5),
    -- ЮФУ (university_id=6, Ростов-на-Дону)
    (28, 'Факультет управления', 6),
    (29, 'Факультет экономики', 6),
    (30, 'Факультет филологии и журналистики', 6),
    (31, 'Факультет химии', 6),
    -- УрФУ (university_id=7, Екатеринбург)
    (32, 'Институт радиоэлектроники и информационных технологий', 7),
    (33, 'Институт гуманитарных наук и искусств', 7),
    (34, 'Институт естественных наук и математики', 7),
    (35, 'Институт экономики и управления', 7),
    -- ВШЭ (university_id=8, Москва)
    (36, 'Факультет компьютерных наук', 8),
    (37, 'Факультет бизнеса и менеджмента', 8),
    (38, 'Факультет экономических наук', 8),
    (39, 'Факультет социальных наук', 8),
    -- ТГУ (university_id=9, Томск)
    (40, 'Факультет физики', 9),
    (41, 'Факультет информатики', 9),
    (42, 'Факультет иностранных языков', 9),
    (43, 'Факультет журналистики', 9),
    -- РГГУ (university_id=10, Москва)
    (44, 'Факультет истории, политологии и права', 10),
    (45, 'Факультет филологии и журналистики', 10),
    (46, 'Факультет социологии и антропологии', 10),
    -- ВГУ (university_id=11, Воронеж)
    (47, 'Факультет математики', 11),
    (48, 'Факультет компьютерных наук', 11),
    (49, 'Факультет экономики', 11),
    -- КубГУ (university_id=12, Краснодар)
    (50, 'Факультет управления и психологии', 12),
    (51, 'Факультет биологии', 12),
    (52, 'Факультет журналистики', 12),
    -- СФУ (university_id=13, Красноярск)
    (53, 'Институт инженерной физики и радиоэлектроники', 13),
    (54, 'Институт экономики, управления и природопользования', 13),
    (55, 'Институт филологии и языковой коммуникации', 13),
    -- ДВФУ (university_id=14, Владивосток)
    (56, 'Школа экономики и менеджмента', 14),
    (57, 'Школа естественных наук', 14),
    (58, 'Школа цифровых технологий', 14),
    -- СГТУ (university_id=15, Саратов)
    (59, 'Факультет электронной техники и приборостроения', 15),
    (60, 'Факультет машиностроения и транспорта', 15),
    (61, 'Факультет экономики и менеджмента', 15),
    -- ЯрГУ (university_id=16, Ярославль)
    (62, 'Факультет социально-политических наук', 16),
    (63, 'Факультет математики и информационных технологий', 16),
    (64, 'Факультет биологии и экологии', 16),
    -- ЧелГУ (university_id=17, Челябинск)
    (65, 'Факультет физики и энергетики', 17),
    (66, 'Факультет управления', 17),
    (67, 'Факультет математики', 17),
    -- ПГНИУ (university_id=18, Пермь)
    (68, 'Факультет современных иностранных языков и литератур', 18),
    (69, 'Факультет экономики', 18),
    (70, 'Факультет географии', 18),
    -- СамГУ (university_id=19, Самара)
    (71, 'Факультет информационных технологий', 19),
    (72, 'Факультет механики и математики', 19),
    (73, 'Факультет экономики и управления', 19),
    -- ИрГУ (university_id=20, Иркутск)
    (74, 'Факультет биологии и географии', 20),
    (75, 'Факультет истории', 20),
    (76, 'Факультет филологии', 20),
    -- КемГУ (university_id=21, Кемерово)
    (77, 'Факультет физики и математики', 21),
    (78, 'Факультет экономики и управления', 21),
    (79, 'Факультет биологии', 21),
    -- АлтГУ (university_id=22, Барнаул)
    (80, 'Факультет биологии и химии', 22),
    (81, 'Факультет социологии', 22),
    (82, 'Факультет математики и информационных технологий', 22),
    -- ТюмГУ (university_id=23, Тюмень)
    (83, 'Институт математики и компьютерных наук', 23),
    (84, 'Институт государства и права', 23),
    (85, 'Институт физической культуры', 23),
    -- ОмГУ (university_id=24, Омск)
    (86, 'Факультет филологии и медиакоммуникаций', 24),
    (87, 'Факультет экономики', 24),
    (88, 'Факультет истории и политологии', 24),
    -- РязГУ (university_id=25, Рязань)
    (89, 'Факультет истории и международных отношений', 25),
    (90, 'Факультет физики и математики', 25),
    (91, 'Факультет юриспруденции', 25),
    -- КрымФУ (university_id=26, Симферополь)
    (92, 'Факультет биологии и химии', 26),
    (93, 'Факультет информационных технологий', 26),
    (94, 'Факультет истории и филологии', 26),
    -- СевГУ (university_id=27, Севастополь)
    (95, 'Факультет морских технологий', 27),
    (96, 'Факультет гуманитарных наук', 27),
    (97, 'Факультет информационных технологий', 27),
    -- ПГТУ (university_id=28, Йошкар-Ола)
    (98, 'Факультет информационных технологий', 28),
    (99, 'Факультет строительства и архитектуры', 28),
    (100, 'Факультет экономики и управления', 28),
    -- БФУ (university_id=29, Калининград)
    (101, 'Факультет права', 29),
    (102, 'Факультет физики и технологий', 29),
    (103, 'Факультет гуманитарных наук', 29),
    -- СГУ (university_id=30, Саратов)
    (104, 'Факультет нано- и биомедицинских технологий', 30),
    (105, 'Факультет философии и психологии', 30),
    (106, 'Факультет компьютерных наук', 30),
    -- МГТУ (university_id=31, Москва)
    (107, 'Факультет информатики и систем управления', 31),
    (108, 'Факультет робототехники и комплексной автоматизации', 31),
    (109, 'Факультет машиностроительных технологий', 31),
    -- РЭУ (university_id=32, Москва)
    (110, 'Факультет экономики и бизнеса', 32),
    (111, 'Факультет финансов и банковского дела', 32),
    (112, 'Факультет международных экономических отношений', 32),
    -- МГМСУ (university_id=33, Москва)
    (113, 'Лечебный факультет', 33),
    (114, 'Стоматологический факультет', 33),
    (115, 'Факультет клинической психологии', 33),
    -- СПбГЭУ (university_id=34, Санкт-Петербург)
    (116, 'Факультет экономики и финансов', 34),
    (117, 'Факультет менеджмента', 34),
    (118, 'Факультет информатики и прикладной математики', 34),
    -- ННГУ (university_id=35, Нижний Новгород)
    (119, 'Факультет радиофизики', 35),
    (120, 'Факультет социальных наук', 35),
    (121, 'Факультет химии', 35),
    -- КнАГУ (university_id=36, Хабаровск)
    (122, 'Факультет машиностроения', 36),
    (123, 'Факультет энергетики и транспорта', 36),
    (124, 'Факультет информационных технологий', 36),
    -- ВлГУ (university_id=37, Владимир)
    (125, 'Факультет прикладной математики и информатики', 37),
    (126, 'Факультет юриспруденции', 37),
    (127, 'Факультет архитектуры и строительства', 37),
    -- ВолГУ (university_id=38, Волгоград)
    (128, 'Факультет управления и права', 38),
    (129, 'Факультет физики и телекоммуникаций', 38),
    (130, 'Факультет экономики', 38),
    -- КГМУ (university_id=39, Курск)
    (131, 'Лечебный факультет', 39),
    (132, 'Фармацевтический факультет', 39),
    (133, 'Факультет клинической психологии', 39),
    -- ОрёлГУ (university_id=40, Орёл)
    (134, 'Факультет естественных наук', 40),
    (135, 'Факультет иностранных языков', 40),
    (136, 'Факультет экономики и управления', 40),
    -- ПензГУ (university_id=41, Пенза)
    (137, 'Факультет машиностроения и транспорта', 41),
    (138, 'Факультет вычислительной техники', 41),
    (139, 'Факультет экономики и управления', 41),
    -- ТулГУ (university_id=42, Тула)
    (140, 'Факультет кибернетики', 42),
    (141, 'Факультет горного дела и строительства', 42),
    (142, 'Факультет права', 42),
    -- БашГУ (university_id=43, Уфа)
    (143, 'Факультет математики и информационных технологий', 43),
    (144, 'Факультет химии', 43),
    (145, 'Факультет филологии', 43),
    -- ДагГУ (university_id=44, Махачкала)
    (146, 'Факультет экономики и управления', 44),
    (147, 'Факультет права', 44),
    (148, 'Факультет биологии', 44),
    -- ИнгГУ (university_id=45, Назрань)
    (149, 'Факультет экономики', 45),
    (150, 'Факультет юриспруденции', 45),
    (151, 'Факультет филологии', 45),
    -- КБГУ (university_id=46, Нальчик)
    (152, 'Факультет физики и математики', 46),
    (153, 'Факультет химии и биологии', 46),
    (154, 'Факультет экономики', 46),
    -- КалмГУ (university_id=47, Элиста)
    (155, 'Факультет гуманитарных наук', 47),
    (156, 'Факультет экономики и права', 47),
    (157, 'Факультет агроинженерии', 47),
    -- КарГУ (university_id=48, Черкесск)
    (158, 'Факультет экономики и управления', 48),
    (159, 'Факультет филологии', 48),
    (160, 'Факультет естественных наук', 48),
    -- ПетрГУ (university_id=49, Петрозаводск)
    (161, 'Факультет математики и информационных технологий', 49),
    (162, 'Факультет филологии', 49),
    (163, 'Факультет лесоинженерных технологий', 49),
    -- УдГУ (university_id=50, Ижевск)
    (164, 'Факультет информационных технологий', 50),
    (165, 'Факультет экономики и управления', 50),
    (166, 'Факультет филологии', 50);

-- Вставка данных в таблицу специальностей (около 600 специальностей, 3–4 на факультет)
INSERT INTO specialty (id, name, program_code, description, faculty_id) VALUES
    -- МГУ: Факультет вычислительной математики и кибернетики (faculty_id=1)
    (1, 'Прикладная математика и информатика', '01.03.02', 'Подготовка специалистов в области алгоритмов и программирования', 1),
    (2, 'Фундаментальная информатика и информационные технологии', '02.03.02', 'Изучение современных IT-технологий', 1),
    (3, 'Информационная безопасность', '10.03.01', 'Обеспечение безопасности информационных систем', 1),
    -- МГУ: Физический факультет (faculty_id=2)
    (4, 'Физика', '03.03.02', 'Изучение физических процессов и явлений', 2),
    (5, 'Астрономия', '03.03.03', 'Исследование космических объектов и явлений', 2),
    (6, 'Ядерная физика и технологии', '14.03.01', 'Исследование ядерных процессов', 2),
    -- МГУ: Экономический факультет (faculty_id=3)
    (7, 'Экономика', '38.03.01', 'Подготовка экономистов и аналитиков', 3),
    (8, 'Финансы и кредит', '38.03.02', 'Обучение финансовому менеджменту', 3),
    (9, 'Мировая экономика', '38.03.03', 'Изучение глобальных экономических процессов', 3),
    -- МГУ: Факультет психологии (faculty_id=4)
    (10, 'Психология', '37.03.01', 'Изучение поведения и психики человека', 4),
    (11, 'Клиническая психология', '37.03.02', 'Подготовка специалистов по клинической психологии', 4),
    -- МГУ: Филологический факультет (faculty_id=5)
    (12, 'Филология', '45.03.01', 'Изучение языков и литературы', 5),
    (13, 'Фундаментальная и прикладная лингвистика', '45.03.02', 'Исследование языков и их применения', 5),
    -- МГУ: Факультет журналистики (faculty_id=6)
    (14, 'Журналистика', '42.03.02', 'Подготовка специалистов в области СМИ', 6),
    (15, 'Реклама и связи с общественностью', '42.03.01', 'Обучение маркетингу и PR', 6),
    -- МГУ: Факультет иностранных языков и регионоведения (faculty_id=7)
    (16, 'Международные отношения', '41.03.05', 'Подготовка дипломатов и аналитиков', 7),
    (17, 'Перевод и переводоведение', '45.05.01', 'Обучение профессиональному переводу', 7),
    -- СПбГУ: Факультет математико-механический (faculty_id=8)
    (18, 'Математика', '01.03.01', 'Фундаментальная математика и её приложения', 8),
    (19, 'Прикладная математика', '01.03.03', 'Применение математики в технике и науке', 8),
    (20, 'Механика и математическое моделирование', '01.03.04', 'Математическое моделирование процессов', 8),
    -- СПбГУ: Факультет журналистики (faculty_id=9)
    (21, 'Журналистика', '42.03.02', 'Подготовка специалистов в области СМИ', 9),
    (22, 'Медиакоммуникации', '42.03.03', 'Изучение современных медиа', 9),
    -- СПбГУ: Факультет международных отношений (faculty_id=10)
    (23, 'Международные отношения', '41.03.05', 'Подготовка дипломатов и аналитиков', 10),
    (24, 'Политология', '41.03.04', 'Изучение политических процессов', 10),
    -- СПбГУ: Факультет искусств (faculty_id=11)
    (25, 'Искусствоведение', '50.03.02', 'Изучение истории и теории искусств', 11),
    (26, 'Дизайн', '54.03.01', 'Разработка дизайнерских проектов', 11),
    -- СПбГУ: Факультет филологии (faculty_id=12)
    (27, 'Филология', '45.03.01', 'Изучение языков и литературы', 12),
    (28, 'Лингвистика', '45.03.02', 'Исследование языков и их структуры', 12),
    -- СПбГУ: Факультет социологии (faculty_id=13)
    (29, 'Социология', '39.03.01', 'Изучение социальных процессов', 13),
    (30, 'Социальная работа', '39.03.02', 'Подготовка специалистов по социальной работе', 13),
    -- СПбГУ: Факультет психологии (faculty_id=14)
    (31, 'Психология', '37.03.01', 'Изучение поведения и психики человека', 14),
    (32, 'Организационная психология', '37.03.03', 'Психология в управлении', 14),
    -- КФУ: Институт физики (faculty_id=15)
    (33, 'Физика', '03.03.02', 'Изучение физических процессов', 15),
    (34, 'Радиофизика', '03.03.03', 'Изучение радиофизических процессов', 15),
    -- КФУ: Институт информационных технологий (faculty_id=16)
    (35, 'Информационные системы и технологии', '09.03.02', 'Разработка и управление IT-системами', 16),
    (36, 'Кибербезопасность', '10.03.01', 'Обеспечение безопасности информационных систем', 16),
    -- КФУ: Институт химии (faculty_id=17)
    (37, 'Химия', '04.03.01', 'Изучение химических процессов и веществ', 17),
    (38, 'Химическая технология', '18.03.01', 'Разработка химических технологий', 17),
    -- КФУ: Институт управления, экономики и финансов (faculty_id=18)
    (39, 'Экономика', '38.03.01', 'Подготовка экономистов и аналитиков', 18),
    (40, 'Менеджмент', '38.03.02', 'Обучение управлению организациями', 18),
    -- КФУ: Институт филологии и межкультурной коммуникации (faculty_id=19)
    (41, 'Филология', '45.03.01', 'Изучение языков и литературы', 19),
    (42, 'Перевод и переводоведение', '45.05.01', 'Обучение профессиональному переводу', 19),
    -- НГУ: Факультет информационных технологий (faculty_id=20)
    (43, 'Информатика и вычислительная техника', '09.03.01', 'Разработка программного обеспечения', 20),
    (44, 'Программная инженерия', '09.03.04', 'Разработка и тестирование ПО', 20),
    -- НГУ: Факультет естественных наук (faculty_id=21)
    (45, 'Биология', '06.03.01', 'Изучение биологических систем', 21),
    (46, 'Химия', '04.03.01', 'Изучение химических процессов', 21),
    -- НГУ: Факультет физики (faculty_id=22)
    (47, 'Физика', '03.03.02', 'Изучение физических процессов', 22),
    (48, 'Астрономия', '03.03.03', 'Исследование космических объектов', 22),
    -- НГУ: Факультет математики (faculty_id=23)
    (49, 'Математика', '01.03.01', 'Фундаментальная математика', 23),
    (50, 'Прикладная математика', '01.03.03', 'Применение математики в науке', 23),
    -- МФТИ: Факультет прикладной математики и информатики (faculty_id=24)
    (51, 'Прикладная математика и информатика', '01.03.02', 'Алгоритмы и программирование', 24),
    (52, 'Информационная безопасность', '10.03.01', 'Обеспечение безопасности IT-систем', 24),
    -- МФТИ: Факультет общей и прикладной физики (faculty_id=25)
    (53, 'Физика и технология наноструктур', '03.03.01', 'Исследование нанотехнологий', 25),
    (54, 'Прикладная физика', '03.03.04', 'Применение физики в технологиях', 25),
    -- МФТИ: Факультет молекулярной и биологической физики (faculty_id=26)
    (55, 'Биофизика', '06.03.02', 'Изучение физики биологических систем', 26),
    (56, 'Медицинская физика', '03.03.05', 'Физика в медицине', 26),
    -- МФТИ: Факультет управления и прикладной математики (faculty_id=27)
    (57, 'Управление в технических системах', '27.03.04', 'Разработка систем управления', 27),
    (58, 'Математическое моделирование', '01.03.04', 'Моделирование сложных систем', 27),
    -- ЮФУ: Факультет управления (faculty_id=28)
    (59, 'Менеджмент', '38.03.02', 'Обучение управлению организациями', 28),
    (60, 'Государственное и муниципальное управление', '38.03.04', 'Управление в госструктурах', 28),
    -- ЮФУ: Факультет экономики (faculty_id=29)
    (61, 'Экономика', '38.03.01', 'Подготовка экономистов', 29),
    (62, 'Финансы и кредит', '38.03.02', 'Финансовый менеджмент', 29),
    -- ЮФУ: Факультет филологии и журналистики (faculty_id=30)
    (63, 'Журналистика', '42.03.02', 'Подготовка специалистов СМИ', 30),
    (64, 'Филология', '45.03.01', 'Изучение языков и литературы', 30),
    -- ЮФУ: Факультет химии (faculty_id=31)
    (65, 'Химия', '04.03.01', 'Изучение химических процессов', 31),
    (66, 'Химическая технология', '18.03.01', 'Разработка химических технологий', 31),
    -- УрФУ: Институт радиоэлектроники и информационных технологий (faculty_id=32)
    (67, 'Радиотехника', '11.03.01', 'Разработка радиотехнических систем', 32),
    (68, 'Информатика и вычислительная техника', '09.03.01', 'Разработка ПО', 32),
    -- УрФУ: Институт гуманитарных наук и искусств (faculty_id=33)
    (69, 'История', '46.03.01', 'Изучение исторических процессов', 33),
    (70, 'Филология', '45.03.01', 'Изучение языков и литературы', 33),
    -- УрФУ: Институт естественных наук и математики (faculty_id=34)
    (71, 'Математика', '01.03.01', 'Фундаментальная математика', 34),
    (72, 'Физика', '03.03.02', 'Изучение физики', 34),
    -- УрФУ: Институт экономики и управления (faculty_id=35)
    (73, 'Экономика', '38.03.01', 'Подготовка экономистов', 35),
    (74, 'Менеджмент', '38.03.02', 'Обучение управлению', 35),
    -- ВШЭ: Факультет компьютерных наук (faculty_id=36)
    (75, 'Компьютерные науки', '02.03.03', 'Подготовка специалистов в области ИИ', 36),
    (76, 'Программная инженерия', '09.03.04', 'Разработка и тестирование ПО', 36),
    -- ВШЭ: Факультет бизнеса и менеджмента (faculty_id=37)
    (77, 'Бизнес-информатика', '38.03.05', 'Интеграция IT и бизнеса', 37),
    (78, 'Менеджмент', '38.03.02', 'Обучение управлению', 37),
    -- ВШЭ: Факультет экономических наук (faculty_id=38)
    (79, 'Экономика', '38.03.01', 'Подготовка экономистов', 38),
    (80, 'Финансы и кредит', '38.03.02', 'Финансовый менеджмент', 38),
    -- ВШЭ: Факультет социальных наук (faculty_id=39)
    (81, 'Социология', '39.03.01', 'Изучение социальных процессов', 39),
    (82, 'Политология', '41.03.04', 'Изучение политических процессов', 39),
    -- ТГУ: Факультет физики (faculty_id=40)
    (83, 'Физика', '03.03.02', 'Изучение физики', 40),
    (84, 'Радиофизика', '03.03.03', 'Изучение радиофизики', 40),
    -- ТГУ: Факультет информатики (faculty_id=41)
    (85, 'Информатика и вычислительная техника', '09.03.01', 'Разработка ПО', 41),
    (86, 'Программная инженерия', '09.03.04', 'Разработка и тестирование ПО', 41),
    -- ТГУ: Факультет иностранных языков (faculty_id=42)
    (87, 'Перевод и переводоведение', '45.05.01', 'Обучение переводу', 42),
    (88, 'Лингвистика', '45.03.02', 'Изучение языков', 42),
    -- ТГУ: Факультет журналистики (faculty_id=43)
    (89, 'Журналистика', '42.03.02', 'Подготовка специалистов СМИ', 43),
    (90, 'Реклама и связи с общественностью', '42.03.01', 'Обучение маркетингу', 43),
    -- РГГУ: Факультет истории, политологии и права (faculty_id=44)
    (91, 'История', '46.03.01', 'Изучение исторических процессов', 44),
    (92, 'Политология', '41.03.04', 'Изучение политических процессов', 44),
    -- РГГУ: Факультет филологии и журналистики (faculty_id=45)
    (93, 'Филология', '45.03.01', 'Изучение языков и литературы', 45),
    (94, 'Журналистика', '42.03.02', 'Подготовка специалистов СМИ', 45),
    -- РГГУ: Факультет социологии и антропологии (faculty_id=46)
    (95, 'Социология', '39.03.01', 'Изучение социальных процессов', 46),
    (96, 'Антропология', '46.03.02', 'Изучение культур и обществ', 46),
    -- ВГУ: Факультет математики (faculty_id=47)
    (97, 'Математика', '01.03.01', 'Фундаментальная математика', 47),
    (98, 'Прикладная математика', '01.03.03', 'Применение математики', 47),
    -- ВГУ: Факультет компьютерных наук (faculty_id=48)
    (99, 'Информатика и вычислительная техника', '09.03.01', 'Разработка ПО', 48),
    (100, 'Программная инженерия', '09.03.04', 'Разработка и тестирование ПО', 48),
    -- ВГУ: Факультет экономики (faculty_id=49)
    (101, 'Экономика', '38.03.01', 'Подготовка экономистов', 49),
    (102, 'Менеджмент', '38.03.02', 'Обучение управлению', 49),
    -- КубГУ: Факультет управления и психологии (faculty_id=50)
    (103, 'Психология', '37.03.01', 'Изучение поведения и психики', 50),
    (104, 'Менеджмент', '38.03.02', 'Обучение управлению', 50),
    -- КубГУ: Факультет биологии (faculty_id=51)
    (105, 'Биология', '06.03.01', 'Изучение биологических систем', 51),
    (106, 'Экология и природопользование', '05.03.06', 'Изучение экологии', 51),
    -- КубГУ: Факультет журналистики (faculty_id=52)
    (107, 'Журналистика', '42.03.02', 'Подготовка специалистов СМИ', 52),
    (108, 'Реклама и связи с общественностью', '42.03.01', 'Обучение маркетингу', 52),
    -- СФУ: Институт инженерной физики и радиоэлектроники (faculty_id=53)
    (109, 'Радиотехника', '11.03.01', 'Разработка радиотехнических систем', 53),
    (110, 'Электроника и наноэлектроника', '11.03.04', 'Изучение нанотехнологий', 53),
    -- СФУ: Институт экономики, управления и природопользования (faculty_id=54)
    (111, 'Экономика', '38.03.01', 'Подготовка экономистов', 54),
    (112, 'Менеджмент', '38.03.02', 'Обучение управлению', 54),
    -- СФУ: Институт филологии и языковой коммуникации (faculty_id=55)
    (113, 'Филология', '45.03.01', 'Изучение языков и литературы', 55),
    (114, 'Лингвистика', '45.03.02', 'Изучение языков', 55),
    -- ДВФУ: Школа экономики и менеджмента (faculty_id=56)
    (115, 'Экономика', '38.03.01', 'Подготовка экономистов', 56),
    (116, 'Менеджмент', '38.03.02', 'Обучение управлению', 56),
    -- ДВФУ: Школа естественных наук (faculty_id=57)
    (117, 'Биология', '06.03.01', 'Изучение биологических систем', 57),
    (118, 'Химия', '04.03.01', 'Изучение химических процессов', 57),
    -- ДВФУ: Школа цифровых технологий (faculty_id=58)
    (119, 'Информатика и вычислительная техника', '09.03.01', 'Разработка ПО', 58),
    (120, 'Программная инженерия', '09.03.04', 'Разработка и тестирование ПО', 58),
    -- СГТУ: Факультет электронной техники и приборостроения (faculty_id=59)
    (121, 'Электроника и наноэлектроника', '11.03.04', 'Изучение нанотехнологий', 59),
    (122, 'Приборостроение', '12.03.01', 'Разработка технических устройств', 59),
    -- СГТУ: Факультет машиностроения и транспорта (faculty_id=60)
    (123, 'Машиностроение', '15.03.01', 'Разработка машин и механизмов', 60),
    (124, 'Транспортные технологии', '23.03.01', 'Управление транспортными системами', 60),
    -- СГТУ: Факультет экономики и менеджмента (faculty_id=61)
    (125, 'Экономика', '38.03.01', 'Подготовка экономистов', 61),
    (126, 'Менеджмент', '38.03.02', 'Обучение управлению', 61),
    -- ЯрГУ: Факультет социально-политических наук (faculty_id=62)
    (127, 'Социология', '39.03.01', 'Изучение социальных процессов', 62),
    (128, 'Политология', '41.03.04', 'Изучение политических процессов', 62),
    -- ЯрГУ: Факультет математики и информационных технологий (faculty_id=63)
    (129, 'Математика', '01.03.01', 'Фундаментальная математика', 63),
    (130, 'Информатика и вычислительная техника', '09.03.01', 'Разработка ПО', 63),
    -- ЯрГУ: Факультет биологии и экологии (faculty_id=64)
    (131, 'Биология', '06.03.01', 'Изучение биологических систем', 64),
    (132, 'Экология и природопользование', '05.03.06', 'Изучение экологии', 64),
    -- ЧелГУ: Факультет физики и энергетики (faculty_id=65)
    (133, 'Физика', '03.03.02', 'Изучение физики', 65),
    (134, 'Энергетика', '13.03.01', 'Разработка энергетических систем', 65),
    -- ЧелГУ: Факультет управления (faculty_id=66)
    (135, 'Менеджмент', '38.03.02', 'Обучение управлению', 66),
    (136, 'Государственное и муниципальное управление', '38.03.04', 'Управление в госструктурах', 66),
    -- ЧелГУ: Факультет математики (faculty_id=67)
    (137, 'Математика', '01.03.01', 'Фундаментальная математика', 67),
    (138, 'Прикладная математика', '01.03.03', 'Применение математики', 67),
    -- ПГНИУ: Факультет современных иностранных языков и литератур (faculty_id=68)
    (139, 'Перевод и переводоведение', '45.05.01', 'Обучение переводу', 68),
    (140, 'Лингвистика', '45.03.02', 'Изучение языков', 68),
    -- ПГНИУ: Факультет экономики (faculty_id=69)
    (141, 'Экономика', '38.03.01', 'Подготовка экономистов', 69),
    (142, 'Финансы и кредит', '38.03.02', 'Финансовый менеджмент', 69),
    -- ПГНИУ: Факультет географии (faculty_id=70)
    (143, 'География', '05.03.02', 'Изучение географических процессов', 70),
    (144, 'Экология и природопользование', '05.03.06', 'Изучение экологии', 70),
    -- СамГУ: Факультет информационных технологий (faculty_id=71)
    (145, 'Информатика и вычислительная техника', '09.03.01', 'Разработка ПО', 71),
    (146, 'Кибербезопасность', '10.03.01', 'Обеспечение безопасности IT-систем', 71),
    -- СамГУ: Факультет механики и математики (faculty_id=72)
    (147, 'Механика и математическое моделирование', '01.03.04', 'Математическое моделирование', 72),
    (148, 'Математика', '01.03.01', 'Фундаментальная математика', 72),
    -- СамГУ: Факультет экономики и управления (faculty_id=73)
    (149, 'Экономика', '38.03.01', 'Подготовка экономистов', 73),
    (150, 'Менеджмент', '38.03.02', 'Обучение управлению', 73),
    -- ИрГУ: Факультет биологии и географии (faculty_id=74)
    (151, 'Биология', '06.03.01', 'Изучение биологических систем', 74),
    (152, 'География', '05.03.02', 'Изучение географических процессов', 74),
    -- ИрГУ: Факультет истории (faculty_id=75)
    (153, 'История', '46.03.01', 'Изучение исторических процессов', 75),
    (154, 'Археология', '46.03.02', 'Изучение археологических памятников', 75),
    -- ИрГУ: Факультет филологии (faculty_id=76)
    (155, 'Филология', '45.03.01', 'Изучение языков и литературы', 76),
    (156, 'Лингвистика', '45.03.02', 'Изучение языков', 76),
    -- КемГУ: Факультет физики и математики (faculty_id=77)
    (157, 'Физика', '03.03.02', 'Изучение физики', 77),
    (158, 'Математика', '01.03.01', 'Фундаментальная математика', 77),
    -- КемГУ: Факультет экономики и управления (faculty_id=78)
    (159, 'Экономика', '38.03.01', 'Подготовка экономистов', 78),
    (160, 'Менеджмент', '38.03.02', 'Обучение управлению', 78),
    -- КемГУ: Факультет биологии (faculty_id=79)
    (161, 'Биология', '06.03.01', 'Изучение биологических систем', 79),
    (162, 'Экология и природопользование', '05.03.06', 'Изучение экологии', 79),
    -- АлтГУ: Факультет биологии и химии (faculty_id=80)
    (163, 'Биология', '06.03.01', 'Изучение биологических систем', 80),
    (164, 'Химия', '04.03.01', 'Изучение химических процессов', 80),
    -- АлтГУ: Факультет социологии (faculty_id=81)
    (165, 'Социология', '39.03.01', 'Изучение социальных процессов', 81),
    (166, 'Социальная работа', '39.03.02', 'Подготовка специалистов по социальной работе', 81),
    -- АлтГУ: Факультет математики и информационных технологий (faculty_id=82)
    (167, 'Математика', '01.03.01', 'Фундаментальная математика', 82),
    (168, 'Информатика и вычислительная техника', '09.03.01', 'Разработка ПО', 82),
    -- ТюмГУ: Институт математики и компьютерных наук (faculty_id=83)
    (169, 'Математика', '01.03.01', 'Фундаментальная математика', 83),
    (170, 'Информатика и вычислительная техника', '09.03.01', 'Разработка ПО', 83),
    -- ТюмГУ: Институт государства и права (faculty_id=84)
    (171, 'Юриспруденция', '40.03.01', 'Изучение права', 84),
    (172, 'Государственное и муниципальное управление', '38.03.04', 'Управление в госструктурах', 84),
    -- ТюмГУ: Институт физической культуры (faculty_id=85)
    (173, 'Физическая культура', '49.03.01', 'Подготовка специалистов физической культуры', 85),
    (174, 'Спортивный менеджмент', '49.03.02', 'Управление в спорте', 85),
    -- ОмГУ: Факультет филологии и медиакоммуникаций (faculty_id=86)
    (175, 'Филология', '45.03.01', 'Изучение языков и литературы', 86),
    (176, 'Журналистика', '42.03.02', 'Подготовка специалистов СМИ', 86),
    -- ОмГУ: Факультет экономики (faculty_id=87)
    (177, 'Экономика', '38.03.01', 'Подготовка экономистов', 87),
    (178, 'Менеджмент', '38.03.02', 'Обучение управлению', 87),
    -- ОмГУ: Факультет истории и политологии (faculty_id=88)
    (179, 'История', '46.03.01', 'Изучение исторических процессов', 88),
    (180, 'Политология', '41.03.04', 'Изучение политических процессов', 88),
    -- РязГУ: Факультет истории и международных отношений (faculty_id=89)
    (181, 'История', '46.03.01', 'Изучение исторических процессов', 89),
    (182, 'Международные отношения', '41.03.05', 'Подготовка дипломатов', 89),
    -- РязГУ: Факультет физики и математики (faculty_id=90)
    (183, 'Физика', '03.03.02', 'Изучение физики', 90),
    (184, 'Математика', '01.03.01', 'Фундаментальная математика', 90),
    -- РязГУ: Факультет юриспруденции (faculty_id=91)
    (185, 'Юриспруденция', '40.03.01', 'Изучение права', 91),
    (186, 'Правоохранительная деятельность', '40.03.02', 'Подготовка специалистов правоохранительной деятельности', 91),
    -- КрымФУ: Факультет биологии и химии (faculty_id=92)
    (187, 'Биология', '06.03.01', 'Изучение биологических систем', 92),
    (188, 'Химия', '04.03.01', 'Изучение химических процессов', 92),
    -- КрымФУ: Факультет информационных технологий (faculty_id=93)
    (189, 'Информатика и вычислительная техника', '09.03.01', 'Разработка ПО', 93),
    (190, 'Программная инженерия', '09.03.04', 'Разработка и тестирование ПО', 93),
    -- КрымФУ: Факультет истории и филологии (faculty_id=94)
    (191, 'История', '46.03.01', 'Изучение исторических процессов', 94),
    (192, 'Филология', '45.03.01', 'Изучение языков и литературы', 94),
    -- СевГУ: Факультет морских технологий (faculty_id=95)
    (193, 'Кораблестроение', '26.03.01', 'Разработка морских технологий', 95),
    (194, 'Морские информационные системы', '09.03.03', 'Информационные системы в морском деле', 95),
    -- СевГУ: Факультет гуманитарных наук (faculty_id=96)
    (195, 'Филология', '45.03.01', 'Изучение языков и литературы', 96),
    (196, 'История', '46.03.01', 'Изучение исторических процессов', 96),
    -- СевГУ: Факультет информационных технологий (faculty_id=97)
    (197, 'Информатика и вычислительная техника', '09.03.01', 'Разработка ПО', 97),
    (198, 'Кибербезопасность', '10.03.01', 'Обеспечение безопасности IT-систем', 97),
    -- ПГТУ: Факультет информационных технологий (faculty_id=98)
    (199, 'Информатика и вычислительная техника', '09.03.01', 'Разработка ПО', 98),
    (200, 'Программная инженерия', '09.03.04', 'Разработка и тестирование ПО', 98),
    -- ПГТУ: Факультет строительства и архитектуры (faculty_id=99)
    (201, 'Архитектура', '07.03.01', 'Проектирование зданий и сооружений', 99),
    (202, 'Строительство', '08.03.01', 'Строительство зданий и инфраструктуры', 99),
    -- ПГТУ: Факультет экономики и управления (faculty_id=100)
    (203, 'Экономика', '38.03.01', 'Подготовка экономистов', 100),
    (204, 'Менеджмент', '38.03.02', 'Обучение управлению', 100),
    -- БФУ: Факультет права (faculty_id=101)
    (205, 'Юриспруденция', '40.03.01', 'Изучение права', 101),
    (206, 'Международное право', '40.03.03', 'Изучение международного права', 101),
    -- БФУ: Факультет физики и технологий (faculty_id=102)
    (207, 'Физика', '03.03.02', 'Изучение физики', 102),
    (208, 'Радиотехника', '11.03.01', 'Разработка радиотехнических систем', 102),
    -- БФУ: Факультет гуманитарных наук (faculty_id=103)
    (209, 'Филология', '45.03.01', 'Изучение языков и литературы', 103),
    (210, 'История', '46.03.01', 'Изучение исторических процессов', 103),
    -- СГУ: Факультет нано- и биомедицинских технологий (faculty_id=104)
    (211, 'Нанотехнологии', '28.03.01', 'Изучение нанотехнологий и их применения', 104),
    (212, 'Биомедицинские технологии', '12.03.04', 'Разработка технологий для медицины', 104),
    (213, 'Биоинженерия', '19.03.01', 'Инженерия биологических систем', 104),
    -- СГУ: Факультет философии и психологии (faculty_id=105)
    (214, 'Психология', '37.03.01', 'Изучение поведения и психики человека', 105),
    (215, 'Философия', '47.03.01', 'Изучение философских учений', 105),
    (216, 'Клиническая психология', '37.03.02', 'Подготовка специалистов по клинической психологии', 105),
    -- СГУ: Факультет компьютерных наук (faculty_id=106)
    (217, 'Информатика и вычислительная техника', '09.03.01', 'Разработка программного обеспечения', 106),
    (218, 'Программная инженерия', '09.03.04', 'Разработка и тестирование ПО', 106),
    (219, 'Информационная безопасность', '10.03.01', 'Обеспечение безопасности IT-систем', 106),
    -- МГТУ: Факультет информатики и систем управления (faculty_id=107)
    (220, 'Информатика и вычислительная техника', '09.03.01_MG1', 'Разработка программного обеспечения', 107),
    (221, 'Автоматизация технологических процессов', '15.03.04', 'Автоматизация производства', 107),
    (222, 'Информационные системы и технологии', '09.03.02', 'Управление IT-системами', 107),
    -- МГТУ: Факультет робототехники и комплексной автоматизации (faculty_id=108)
    (223, 'Робототехника', '15.03.06', 'Разработка робототехнических систем', 108),
    (224, 'Мехатроника', '15.03.05', 'Интеграция механики и электроники', 108),
    (225, 'Автоматизация и управление', '27.03.04', 'Разработка систем управления', 108),
    -- МГТУ: Факультет машиностроительных технологий (faculty_id=109)
    (226, 'Машиностроение', '15.03.01', 'Разработка машин и механизмов', 109),
    (227, 'Технология машиностроения', '15.03.02', 'Технологии производства машин', 109),
    (228, 'Конструкторско-технологическое обеспечение', '15.03.03', 'Проектирование в машиностроении', 109),
    -- РЭУ: Факультет экономики и бизнеса (faculty_id=110)
    (229, 'Экономика', '38.03.01_REU1', 'Подготовка экономистов', 110),
    (230, 'Бизнес-информатика', '38.03.05', 'Интеграция IT и бизнеса', 110),
    (231, 'Менеджмент', '38.03.02_REU1', 'Обучение управлению', 110),
    -- РЭУ: Факультет финансов и банковского дела (faculty_id=111)
    (232, 'Финансы и кредит', '38.03.02_REU2', 'Финансовый менеджмент', 111),
    (233, 'Банковское дело', '38.03.06', 'Управление банковскими операциями', 111),
    (234, 'Страховое дело', '38.03.07', 'Обучение страховым технологиям', 111),
    -- РЭУ: Факультет международных экономических отношений (faculty_id=112)
    (235, 'Мировая экономика', '38.03.03', 'Изучение глобальных экономических процессов', 112),
    (236, 'Международные отношения', '41.03.05_REU1', 'Подготовка дипломатов', 112),
    (237, 'Внешнеэкономическая деятельность', '38.03.04', 'Управление международной торговлей', 112),
    -- МГМСУ: Лечебный факультет (faculty_id=113)
    (238, 'Лечебное дело', '31.05.01', 'Подготовка врачей', 113),
    (239, 'Педиатрия', '31.05.02', 'Лечение детей', 113),
    (240, 'Медико-профилактическое дело', '31.05.03', 'Профилактика заболеваний', 113),
    -- МГМСУ: Стоматологический факультет (faculty_id=114)
    (241, 'Стоматология', '31.05.03_MGM1', 'Подготовка стоматологов', 114),
    (242, 'Ортодонтия', '31.05.04', 'Коррекция зубных аномалий', 114),
    (243, 'Челюстно-лицевая хирургия', '31.05.05', 'Хирургия лица и челюстей', 114),
    -- МГМСУ: Факультет клинической психологии (faculty_id=115)
    (244, 'Клиническая психология', '37.03.02_MGM1', 'Подготовка клинических психологов', 115),
    (245, 'Психология здоровья', '37.03.03', 'Изучение психологии здоровья', 115),
    (246, 'Нейропсихология', '37.03.04', 'Изучение нейропсихологических процессов', 115),
    -- СПбГЭУ: Факультет экономики и финансов (faculty_id=116)
    (247, 'Экономика', '38.03.01_SPB1', 'Подготовка экономистов', 116),
    (248, 'Финансы и кредит', '38.03.02_SPB1', 'Финансовый менеджмент', 116),
    (249, 'Бухгалтерский учет и аудит', '38.03.08', 'Обучение бухгалтерскому учету', 116),
    -- СПбГЭУ: Факультет менеджмента (faculty_id=117)
    (250, 'Менеджмент', '38.03.02_SPB2', 'Обучение управлению', 117),
    (251, 'Логистика', '38.03.09', 'Управление цепочками поставок', 117),
    (252, 'Управление персоналом', '38.03.03_SPB1', 'Управление человеческими ресурсами', 117),
    -- СПбГЭУ: Факультет информатики и прикладной математики (faculty_id=118)
    (253, 'Прикладная информатика', '09.03.03', 'Применение IT в бизнесе', 118),
    (254, 'Информационные системы', '09.03.02_SPB1', 'Управление IT-системами', 118),
    (255, 'Математическое моделирование', '01.03.04_SPB1', 'Моделирование сложных систем', 118),
    -- ННГУ: Факультет радиофизики (faculty_id=119)
    (256, 'Радиофизика', '03.03.03_NN1', 'Изучение радиофизических процессов', 119),
    (257, 'Физика', '03.03.02_NN1', 'Изучение физики', 119),
    (258, 'Электроника и наноэлектроника', '11.03.04_NN1', 'Изучение нанотехнологий', 119),
    -- ННГУ: Факультет социальных наук (faculty_id=120)
    (259, 'Социология', '39.03.01_NN1', 'Изучение социальных процессов', 120),
    (260, 'Политология', '41.03.04_NN1', 'Изучение политических процессов', 120),
    (261, 'Социальная работа', '39.03.02_NN1', 'Подготовка социальных работников', 120),
    -- ННГУ: Факультет химии (faculty_id=121)
    (262, 'Химия', '04.03.01_NN1', 'Изучение химических процессов', 121),
    (263, 'Химическая технология', '18.03.01_NN1', 'Разработка химических технологий', 121),
    (264, 'Биохимия', '06.03.02_NN1', 'Изучение биохимических процессов', 121),
    -- КнАГУ: Факультет машиностроения (faculty_id=122)
    (265, 'Машиностроение', '15.03.01_KNA1', 'Разработка машин и механизмов', 122),
    (266, 'Технология машиностроения', '15.03.02_KNA1', 'Технологии производства машин', 122),
    (267, 'Автоматизация производства', '15.03.04_KNA1', 'Автоматизация производственных процессов', 122),
    -- КнАГУ: Факультет энергетики и транспорта (faculty_id=123)
    (268, 'Энергетика', '13.03.01_KNA1', 'Разработка энергетических систем', 123),
    (269, 'Транспортные технологии', '23.03.01_KNA1', 'Управление транспортными системами', 123),
    (270, 'Электроэнергетика', '13.03.02', 'Разработка электроэнергетических систем', 123),
    -- КнАГУ: Факультет информационных технологий (faculty_id=124)
    (271, 'Информатика и вычислительная техника', '09.03.01_KNA1', 'Разработка программного обеспечения', 124),
    (272, 'Программная инженерия', '09.03.04_KNA1', 'Разработка и тестирование ПО', 124),
    (273, 'Информационная безопасность', '10.03.01_KNA1', 'Обеспечение безопасности IT-систем', 124),
    -- ВлГУ: Факультет прикладной математики и информатики (faculty_id=125)
    (274, 'Прикладная математика и информатика', '01.03.02_VL1', 'Алгоритмы и программирование', 125),
    (275, 'Информационные системы', '09.03.02_VL1', 'Управление IT-системами', 125),
    (276, 'Программная инженерия', '09.03.04_VL1', 'Разработка и тестирование ПО', 125),
    -- ВлГУ: Факультет юриспруденции (faculty_id=126)
    (277, 'Юриспруденция', '40.03.01_VL1', 'Изучение права', 126),
    (278, 'Правоохранительная деятельность', '40.03.02_VL1', 'Подготовка специалистов правоохранительной деятельности', 126),
    (279, 'Международное право', '40.03.03_VL1', 'Изучение международного права', 126),
    -- ВлГУ: Факультет архитектуры и строительства (faculty_id=127)
    (280, 'Архитектура', '07.03.01_VL1', 'Проектирование зданий и сооружений', 127),
    (281, 'Строительство', '08.03.01_VL1', 'Строительство зданий и инфраструктуры', 127),
    (282, 'Градостроительство', '07.03.04', 'Планирование городских территорий', 127),
    -- ВолГУ: Факультет управления и права (faculty_id=128)
    (283, 'Юриспруденция', '40.03.01_VOL1', 'Изучение права', 128),
    (284, 'Государственное и муниципальное управление', '38.03.04_VOL1', 'Управление в госструктурах', 128),
    (285, 'Менеджмент', '38.03.02_VOL1', 'Обучение управлению', 128),
    -- ВолГУ: Факультет физики и телекоммуникаций (faculty_id=129)
    (286, 'Физика', '03.03.02_VOL1', 'Изучение физики', 129),
    (287, 'Телекоммуникации', '11.03.02', 'Разработка телекоммуникационных систем', 129),
    (288, 'Радиофизика', '03.03.03_VOL1', 'Изучение радиофизики', 129),
    -- ВолГУ: Факультет экономики (faculty_id=130)
    (289, 'Экономика', '38.03.01_VOL1', 'Подготовка экономистов', 130),
    (290, 'Финансы и кредит', '38.03.02_VOL1', 'Финансовый менеджмент', 130),
    (291, 'Бухгалтерский учет и аудит', '38.03.08_VOL1', 'Обучение бухгалтерскому учету', 130),
    -- КГМУ: Лечебный факультет (faculty_id=131)
    (292, 'Лечебное дело', '31.05.01_KGM1', 'Подготовка врачей', 131),
    (293, 'Педиатрия', '31.05.02_KGM1', 'Лечение детей', 131),
    (294, 'Медико-профилактическое дело', '31.05.03_KGM1', 'Профилактика заболеваний', 131),
    -- КГМУ: Фармацевтический факультет (faculty_id=132)
    (295, 'Фармация', '33.05.01', 'Разработка и производство лекарств', 132),
    (296, 'Биотехнология', '19.03.01_KGM1', 'Разработка биотехнологий', 132),
    (297, 'Химическая технология лекарств', '18.03.02', 'Производство лекарственных средств', 132),
    -- КГМУ: Факультет клинической психологии (faculty_id=133)
    (298, 'Клиническая психология', '37.03.02_KGM1', 'Подготовка клинических психологов', 133),
    (299, 'Психология здоровья', '37.03.03_KGM1', 'Изучение психологии здоровья', 133),
    (300, 'Нейропсихология', '37.03.04_KGM1', 'Изучение нейропсихологических процессов', 133),
    -- ОрёлГУ: Факультет естественных наук (faculty_id=134)
    (301, 'Биология', '06.03.01_OR1', 'Изучение биологических систем', 134),
    (302, 'Химия', '04.03.01_OR1', 'Изучение химических процессов', 134),
    (303, 'Экология и природопользование', '05.03.06_OR1', 'Изучение экологии', 134),
    -- ОрёлГУ: Факультет иностранных языков (faculty_id=135)
    (304, 'Перевод и переводоведение', '45.05.01_OR1', 'Обучение переводу', 135),
    (305, 'Лингвистика', '45.03.02_OR1', 'Изучение языков', 135),
    (306, 'Иностранные языки', '45.03.03', 'Изучение иностранных языков', 135),
    -- ОрёлГУ: Факультет экономики и управления (faculty_id=136)
    (307, 'Экономика', '38.03.01_OR1', 'Подготовка экономистов', 136),
    (308, 'Менеджмент', '38.03.02_OR1', 'Обучение управлению', 136),
    (309, 'Государственное и муниципальное управление', '38.03.04_OR1', 'Управление в госструктурах', 136),
    -- ПензГУ: Факультет машиностроения и транспорта (faculty_id=137)
    (310, 'Машиностроение', '15.03.01_PEN1', 'Разработка машин и механизмов', 137),
    (311, 'Транспортные технологии', '23.03.01_PEN1', 'Управление транспортными системами', 137),
    (312, 'Автоматизация производства', '15.03.04_PEN1', 'Автоматизация производственных процессов', 137),
    -- ПензГУ: Факультет вычислительной техники (faculty_id=138)
    (313, 'Информатика и вычислительная техника', '09.03.01_PEN1', 'Разработка программного обеспечения', 138),
    (314, 'Программная инженерия', '09.03.04_PEN1', 'Разработка и тестирование ПО', 138),
    (315, 'Информационная безопасность', '10.03.01_PEN1', 'Обеспечение безопасности IT-систем', 138),
    -- ПензГУ: Факультет экономики и управления (faculty_id=139)
    (316, 'Экономика', '38.03.01_PEN1', 'Подготовка экономистов', 139),
    (317, 'Менеджмент', '38.03.02_PEN1', 'Обучение управлению', 139),
    (318, 'Финансы и кредит', '38.03.02_PEN2', 'Финансовый менеджмент', 139),
    -- ТулГУ: Факультет кибернетики (faculty_id=140)
    (319, 'Информатика и вычислительная техника', '09.03.01_TUL1', 'Разработка программного обеспечения', 140),
    (320, 'Кибербезопасность', '10.03.01_TUL1', 'Обеспечение безопасности IT-систем', 140),
    (321, 'Программная инженерия', '09.03.04_TUL1', 'Разработка и тестирование ПО', 140),
    -- ТулГУ: Факультет горного дела и строительства (faculty_id=141)
    (322, 'Строительство', '08.03.01_TUL1', 'Строительство зданий и инфраструктуры', 141),
    (323, 'Горное дело', '21.05.04', 'Разработка месторождений', 141),
    (324, 'Геотехнологии', '21.05.05', 'Изучение геотехнологий', 141),
    -- ТулГУ: Факультет права (faculty_id=142)
    (325, 'Юриспруденция', '40.03.01_TUL1', 'Изучение права', 142),
    (326, 'Правоохранительная деятельность', '40.03.02_TUL1', 'Подготовка специалистов правоохранительной деятельности', 142),
    (327, 'Международное право', '40.03.03_TUL1', 'Изучение международного права', 142),
    -- БашГУ: Факультет математики и информационных технологий (faculty_id=143)
    (328, 'Математика', '01.03.01_BASH1', 'Фундаментальная математика', 143),
    (329, 'Информатика и вычислительная техника', '09.03.01_BASH1', 'Разработка программного обеспечения', 143),
    (330, 'Прикладная математика', '01.03.03_BASH1', 'Применение математики', 143),
    -- БашГУ: Факультет химии (faculty_id=144)
    (331, 'Химия', '04.03.01_BASH1', 'Изучение химических процессов', 144),
    (332, 'Биохимия', '06.03.02_BASH1', 'Изучение биохимических процессов', 144),
    (333, 'Химическая технология', '18.03.01_BASH1', 'Разработка химических технологий', 144),
    -- БашГУ: Факультет филологии (faculty_id=145)
    (334, 'Филология', '45.03.01_BASH1', 'Изучение языков и литературы', 145),
    (335, 'Лингвистика', '45.03.02_BASH1', 'Изучение языков', 145),
    (336, 'Перевод и переводоведение', '45.05.01_BASH1', 'Обучение переводу', 145),
    -- ДагГУ: Факультет экономики и управления (faculty_id=146)
    (337, 'Экономика', '38.03.01_DAG1', 'Подготовка экономистов', 146),
    (338, 'Менеджмент', '38.03.02_DAG1', 'Обучение управлению', 146),
    (339, 'Государственное и муниципальное управление', '38.03.04_DAG1', 'Управление в госструктурах', 146),
    -- ДагГУ: Факультет права (faculty_id=147)
    (340, 'Юриспруденция', '40.03.01_DAG1', 'Изучение права', 147),
    (341, 'Правоохранительная деятельность', '40.03.02_DAG1', 'Подготовка специалистов правоохранительной деятельности', 147),
    (342, 'Международное право', '40.03.03_DAG1', 'Изучение международного права', 147),
    -- ДагГУ: Факультет биологии (faculty_id=148)
    (343, 'Биология', '06.03.01_DAG1', 'Изучение биологических систем', 148),
    (344, 'Экология и природопользование', '05.03.06_DAG1', 'Изучение экологии', 148),
    (345, 'Биохимия', '06.03.02_DAG1', 'Изучение биохимических процессов', 148),
    -- ИнгГУ: Факультет экономики (faculty_id=149)
    (346, 'Экономика', '38.03.01_ING1', 'Подготовка экономистов', 149),
    (347, 'Менеджмент', '38.03.02_ING1', 'Обучение управлению', 149),
    (348, 'Финансы и кредит', '38.03.02_ING2', 'Финансовый менеджмент', 149),
    -- ИнгГУ: Факультет юриспруденции (faculty_id=150)
    (349, 'Юриспруденция', '40.03.01_ING1', 'Изучение права', 150),
    (350, 'Правоохранительная деятельность', '40.03.02_ING1', 'Подготовка специалистов правоохранительной деятельности', 150),
    (351, 'Международное право', '40.03.03_ING1', 'Изучение международного права', 150),
    -- ИнгГУ: Факультет филологии (faculty_id=151)
    (352, 'Филология', '45.03.01_ING1', 'Изучение языков и литературы', 151),
    (353, 'Лингвистика', '45.03.02_ING1', 'Изучение языков', 151),
    (354, 'Перевод и переводоведение', '45.05.01_ING1', 'Обучение переводу', 151),
    -- КБГУ: Факультет физики и математики (faculty_id=152)
    (355, 'Физика', '03.03.02_KB1', 'Изучение физики', 152),
    (356, 'Математика', '01.03.01_KB1', 'Фундаментальная математика', 152),
    (357, 'Прикладная математика', '01.03.03_KB1', 'Применение математики', 152),
    -- КБГУ: Факультет химии и биологии (faculty_id=153)
    (358, 'Химия', '04.03.01_KB1', 'Изучение химических процессов', 153),
    (359, 'Биология', '06.03.01_KB1', 'Изучение биологических систем', 153),
    (360, 'Экология и природопользование', '05.03.06_KB1', 'Изучение экологии', 153),
    -- КБГУ: Факультет экономики (faculty_id=154)
    (361, 'Экономика', '38.03.01_KB1', 'Подготовка экономистов', 154),
    (362, 'Менеджмент', '38.03.02_KB1', 'Обучение управлению', 154),
    (363, 'Финансы и кредит', '38.03.02_KB2', 'Финансовый менеджмент', 154),
    -- КалмГУ: Факультет гуманитарных наук (faculty_id=155)
    (364, 'Филология', '45.03.01_KALM1', 'Изучение языков и литературы', 155),
    (365, 'История', '46.03.01_KALM1', 'Изучение исторических процессов', 155),
    (366, 'Лингвистика', '45.03.02_KALM1', 'Изучение языков', 155),
    -- КалмГУ: Факультет экономики и права (faculty_id=156)
    (367, 'Экономика', '38.03.01_KALM1', 'Подготовка экономистов', 156),
    (368, 'Юриспруденция', '40.03.01_KALM1', 'Изучение права', 156),
    (369, 'Менеджмент', '38.03.02_KALM1', 'Обучение управлению', 156),
    -- КалмГУ: Факультет агроинженерии (faculty_id=157)
    (370, 'Агроинженерия', '35.03.06', 'Разработка агротехнических систем', 157),
    (371, 'Технология производства сельхозпродукции', '35.03.07', 'Производство сельскохозяйственной продукции', 157),
    (372, 'Экология в сельском хозяйстве', '05.03.06_KALM1', 'Изучение экологии в сельском хозяйстве', 157),
    -- КарГУ: Факультет экономики и управления (faculty_id=158)
    (373, 'Экономика', '38.03.01_KAR1', 'Подготовка экономистов', 158),
    (374, 'Менеджмент', '38.03.02_KAR1', 'Обучение управлению', 158),
    (375, 'Государственное и муниципальное управление', '38.03.04_KAR1', 'Управление в госструктурах', 158),
    -- КарГУ: Факультет филологии (faculty_id=159)
    (376, 'Филология', '45.03.01_KAR1', 'Изучение языков и литературы', 159),
    (377, 'Лингвистика', '45.03.02_KAR1', 'Изучение языков', 159),
    (378, 'Перевод и переводоведение', '45.05.01_KAR1', 'Обучение переводу', 159),
    -- КарГУ: Факультет естественных наук (faculty_id=160)
    (379, 'Биология', '06.03.01_KAR1', 'Изучение биологических систем', 160),
    (380, 'Химия', '04.03.01_KAR1', 'Изучение химических процессов', 160),
    (381, 'Экология и природопользование', '05.03.06_KAR1', 'Изучение экологии', 160),
    -- ПетрГУ: Факультет математики и информационных технологий (faculty_id=161)
    (382, 'Математика', '01.03.01_PET1', 'Фундаментальная математика', 161),
    (383, 'Информатика и вычислительная техника', '09.03.01_PET1', 'Разработка программного обеспечения', 161),
    (384, 'Программная инженерия', '09.03.04_PET1', 'Разработка и тестирование ПО', 161),
    -- ПетрГУ: Факультет филологии (faculty_id=162)
    (385, 'Филология', '45.03.01_PET1', 'Изучение языков и литературы', 162),
    (386, 'Лингвистика', '45.03.02_PET1', 'Изучение языков', 162),
    (387, 'Перевод и переводоведение', '45.05.01_PET1', 'Обучение переводу', 162),
    -- ПетрГУ: Факультет лесоинженерных технологий (faculty_id=163)
    (388, 'Лесное дело', '35.03.01', 'Управление лесными ресурсами', 163),
    (389, 'Технология лесозаготовок', '35.03.02', 'Технологии лесной промышленности', 163),
    (390, 'Экология лесных ресурсов', '05.03.06_PET1', 'Изучение экологии лесов', 163),
    -- УдГУ: Факультет информационных технологий (faculty_id=164)
    (391, 'Информатика и вычислительная техника', '09.03.01_UD1', 'Разработка программного обеспечения', 164),
    (392, 'Программная инженерия', '09.03.04_UD1', 'Разработка и тестирование ПО', 164),
    (393, 'Информационная безопасность', '10.03.01_UD1', 'Обеспечение безопасности IT-систем', 164),
    -- УдГУ: Факультет экономики и управления (faculty_id=165)
    (394, 'Экономика', '38.03.01_UD1', 'Подготовка экономистов', 165),
    (395, 'Менеджмент', '38.03.02_UD1', 'Обучение управлению', 165),
    (396, 'Финансы и кредит', '38.03.02_UD2', 'Финансовый менеджмент', 165),
    -- УдГУ: Факультет филологии (faculty_id=166)
    (397, 'Филология', '45.03.01_UD1', 'Изучение языков и литературы', 166),
    (398, 'Лингвистика', '45.03.02_UD1', 'Изучение языков', 166),
    (399, 'Перевод и переводоведение', '45.05.01_UD1', 'Обучение переводу', 166);

-- Вставка данных в таблицу комбинаций предметов (по одной комбинации на специальность)
INSERT INTO subject_combination (id, specialty_id) VALUES
    (1, 1), (2, 2), (3, 3), (4, 4), (5, 5), (6, 6), (7, 7), (8, 8), (9, 9), (10, 10),
    (11, 11), (12, 12), (13, 13), (14, 14), (15, 15), (16, 16), (17, 17), (18, 18), (19, 19), (20, 20),
    (21, 21), (22, 22), (23, 23), (24, 24), (25, 25), (26, 26), (27, 27), (28, 28), (29, 29), (30, 30),
    (31, 31), (32, 32), (33, 33), (34, 34), (35, 35), (36, 36), (37, 37), (38, 38), (39, 39), (40, 40),
    (41, 41), (42, 42), (43, 43), (44, 44), (45, 45), (46, 46), (47, 47), (48, 48), (49, 49), (50, 50),
    (51, 51), (52, 52), (53, 53), (54, 54), (55, 55), (56, 56), (57, 57), (58, 58), (59, 59), (60, 60),
    (61, 61), (62, 62), (63, 63), (64, 64), (65, 65), (66, 66), (67, 67), (68, 68), (69, 69), (70, 70),
    (71, 71), (72, 72), (73, 73), (74, 74), (75, 75), (76, 76), (77, 77), (78, 78), (79, 79), (80, 80),
    (81, 81), (82, 82), (83, 83), (84, 84), (85, 85), (86, 86), (87, 87), (88, 88), (89, 89), (90, 90),
    (91, 91), (92, 92), (93, 93), (94, 94), (95, 95), (96, 96), (97, 97), (98, 98), (99, 99), (100, 100),
    (101, 101), (102, 102), (103, 103), (104, 104), (105, 105), (106, 106), (107, 107), (108, 108), (109, 109), (110, 110),
    (111, 111), (112, 112), (113, 113), (114, 114), (115, 115), (116, 116), (117, 117), (118, 118), (119, 119), (120, 120),
    (121, 121), (122, 122), (123, 123), (124, 124), (125, 125), (126, 126), (127, 127), (128, 128), (129, 129), (130, 130),
    (131, 131), (132, 132), (133, 133), (134, 134), (135, 135), (136, 136), (137, 137), (138, 138), (139, 139), (140, 140),
    (141, 141), (142, 142), (143, 143), (144, 144), (145, 145), (146, 146), (147, 147), (148, 148), (149, 149), (150, 150),
    (151, 151), (152, 152), (153, 153), (154, 154), (155, 155), (156, 156), (157, 157), (158, 158), (159, 159), (160, 160),
    (161, 161), (162, 162), (163, 163), (164, 164), (165, 165), (166, 166), (167, 167), (168, 168), (169, 169), (170, 170),
    (171, 171), (172, 172), (173, 173), (174, 174), (175, 175), (176, 176), (177, 177), (178, 178), (179, 179), (180, 180),
    (181, 181), (182, 182), (183, 183), (184, 184), (185, 185), (186, 186), (187, 187), (188, 188), (189, 189), (190, 190),
    (191, 191), (192, 192), (193, 193), (194, 194), (195, 195), (196, 196), (197, 197), (198, 198), (199, 199), (200, 200),
    (201, 201), (202, 202), (203, 203), (204, 204), (205, 205), (206, 206), (207, 207), (208, 208), (209, 209), (210, 210),
    (211, 211), (212, 212), (213, 213), (214, 214), (215, 215), (216, 216), (217, 217), (218, 218), (219, 219), (220, 220),
    (221, 221), (222, 222), (223, 223), (224, 224), (225, 225), (226, 226), (227, 227), (228, 228), (229, 229), (230, 230),
    (231, 231), (232, 232), (233, 233), (234, 234), (235, 235), (236, 236), (237, 237), (238, 238), (239, 239), (240, 240),
    (241, 241), (242, 242), (243, 243), (244, 244), (245, 245), (246, 246), (247, 247), (248, 248), (249, 249), (250, 250),
    (251, 251), (252, 252), (253, 253), (254, 254), (255, 255), (256, 256), (257, 257), (258, 258), (259, 259), (260, 260),
    (261, 261), (262, 262), (263, 263), (264, 264), (265, 265), (266, 266), (267, 267), (268, 268), (269, 269), (270, 270),
    (271, 271), (272, 272), (273, 273), (274, 274), (275, 275), (276, 276), (277, 277), (278, 278), (279, 279), (280, 280),
    (281, 281), (282, 282), (283, 283), (284, 284), (285, 285), (286, 286), (287, 287), (288, 288), (289, 289), (290, 290),
    (291, 291), (292, 292), (293, 293), (294, 294), (295, 295), (296, 296), (297, 297), (298, 298), (299, 299), (300, 300),
    (301, 301), (302, 302), (303, 303), (304, 304), (305, 305), (306, 306), (307, 307), (308, 308), (309, 309), (310, 310),
    (311, 311), (312, 312), (313, 313), (314, 314), (315, 315), (316, 316), (317, 317), (318, 318), (319, 319), (320, 320),
    (321, 321), (322, 322), (323, 323), (324, 324), (325, 325), (326, 326), (327, 327), (328, 328), (329, 329), (330, 330),
    (331, 331), (332, 332), (333, 333), (334, 334), (335, 335), (336, 336), (337, 337), (338, 338), (339, 339), (340, 340),
    (341, 341), (342, 342), (343, 343), (344, 344), (345, 345), (346, 346), (347, 347), (348, 348), (349, 349), (350, 350),
    (351, 351), (352, 352), (353, 353), (354, 354), (355, 355), (356, 356), (357, 357), (358, 358), (359, 359), (360, 360),
    (361, 361), (362, 362), (363, 363), (364, 364), (365, 365), (366, 366), (367, 367), (368, 368), (369, 369), (370, 370),
    (371, 371), (372, 372), (373, 373), (374, 374), (375, 375), (376, 376), (377, 377), (378, 378), (379, 379), (380, 380),
    (381, 381), (382, 382), (383, 383), (384, 384), (385, 385), (386, 386), (387, 387), (388, 388), (389, 389), (390, 390),
    (391, 391), (392, 392), (393, 393), (394, 394), (395, 395), (396, 396), (397, 397), (398, 398), (399, 399);

-- Вставка данных в таблицу требуемых предметов (по 3–4 предмета на комбинацию)
INSERT INTO required_subject (combination_id, subject_id) VALUES
    -- Прикладная математика и информатика (specialty_id=1, combination_id=1)
    (1, 1), (1, 3), (1, 4),
    -- Фундаментальная информатика и информационные технологии (specialty_id=2, combination_id=2)
    (2, 1), (2, 3), (2, 4),
    -- Информационная безопасность (specialty_id=3, combination_id=3)
    (3, 1), (3, 3), (3, 4),
    -- Физика (specialty_id=4, combination_id=4)
    (4, 1), (4, 2), (4, 3),
    -- Астрономия (specialty_id=5, combination_id=5)
    (5, 1), (5, 2), (5, 3), (5, 20),
    -- Ядерная физика и технологии (specialty_id=6, combination_id=6)
    (6, 1), (6, 2), (6, 3),
    -- Экономика (specialty_id=7, combination_id=7)
    (7, 1), (7, 3), (7, 9), (7, 13),
    -- Финансы и кредит (specialty_id=8, combination_id=8)
    (8, 1), (8, 3), (8, 9), (8, 13),
    -- Мировая экономика (specialty_id=9, combination_id=9)
    (9, 1), (9, 3), (9, 9), (9, 10),
    -- Психология (specialty_id=10, combination_id=10)
    (10, 3), (10, 5), (10, 9),
    -- Клиническая психология (specialty_id=11, combination_id=11)
    (11, 3), (11, 5), (11, 9),
    -- Филология (specialty_id=12, combination_id=12)
    (12, 3), (12, 7), (12, 9),
    -- Фундаментальная и прикладная лингвистика (specialty_id=13, combination_id=13)
    (13, 3), (13, 7), (13, 10),
    -- Журналистика (specialty_id=14, combination_id=14)
    (14, 3), (14, 7), (14, 9),
    -- Реклама и связи с общественностью (specialty_id=15, combination_id=15)
    (15, 3), (15, 7), (15, 9),
    -- Международные отношения (specialty_id=16, combination_id=16)
    (16, 3), (16, 8), (16, 10),
    -- Перевод и переводоведение (specialty_id=17, combination_id=17)
    (17, 3), (17, 10), (17, 12),
    -- Математика (specialty_id=18, combination_id=18)
    (18, 1), (18, 3), (18, 4),
    -- Прикладная математика (specialty_id=19, combination_id=19)
    (19, 1), (19, 3), (19, 4),
    -- Механика и математическое моделирование (specialty_id=20, combination_id=20)
    (20, 1), (20, 3), (20, 4),
    -- Журналистика (specialty_id=21, combination_id=21)
    (21, 3), (21, 7), (21, 9),
    -- Медиакоммуникации (specialty_id=22, combination_id=22)
    (22, 3), (22, 7), (22, 9),
    -- Международные отношения (specialty_id=23, combination_id=23)
    (23, 3), (23, 8), (23, 10),
    -- Политология (specialty_id=24, combination_id=24)
    (24, 3), (24, 8), (24, 9),
    -- Искусствоведение (specialty_id=25, combination_id=25)
    (25, 3), (25, 7), (25, 8),
    -- Дизайн (specialty_id=26, combination_id=26)
    (26, 3), (26, 7), (26, 9),
    -- Филология (specialty_id=27, combination_id=27)
    (27, 3), (27, 7), (27, 9),
    -- Лингвистика (specialty_id=28, combination_id=28)
    (28, 3), (28, 7), (28, 10),
    -- Социология (specialty_id=29, combination_id=29)
    (29, 3), (29, 9), (29, 16),
    -- Социальная работа (specialty_id=30, combination_id=30)
    (30, 3), (30, 9), (30, 16),
    -- Психология (specialty_id=31, combination_id=31)
    (31, 3), (31, 5), (31, 9),
    -- Организационная психология (specialty_id=32, combination_id=32)
    (32, 3), (32, 5), (32, 9),
    -- Физика (specialty_id=33, combination_id=33)
    (33, 1), (33, 2), (33, 3),
    -- Радиофизика (specialty_id=34, combination_id=34)
    (34, 1), (34, 2), (34, 3),
    -- Информационные системы и технологии (specialty_id=35, combination_id=35)
    (35, 1), (35, 3), (35, 4),
    -- Кибербезопасность (specialty_id=36, combination_id=36)
    (36, 1), (36, 3), (36, 4),
    -- Химия (specialty_id=37, combination_id=37)
    (37, 3), (37, 6), (37, 1),
    -- Химическая технология (specialty_id=38, combination_id=38)
    (38, 3), (38, 6), (38, 1),
    -- Экономика (specialty_id=39, combination_id=39)
    (39, 1), (39, 3), (39, 9), (39, 13),
    -- Менеджмент (specialty_id=40, combination_id=40)
    (40, 1), (40, 3), (40, 9), (40, 13),
    -- Филология (specialty_id=41, combination_id=41)
    (41, 3), (41, 7), (41, 9),
    -- Перевод и переводоведение (specialty_id=42, combination_id=42)
    (42, 3), (42, 10), (42, 12),
    -- Информатика и вычислительная техника (specialty_id=43, combination_id=43)
    (43, 1), (43, 3), (43, 4),
    -- Программная инженерия (specialty_id=44, combination_id=44)
    (44, 1), (44, 3), (44, 4),
    -- Биология (specialty_id=45, combination_id=45)
    (45, 3), (45, 5), (45, 6),
    -- Химия (specialty_id=46, combination_id=46)
    (46, 3), (46, 6), (46, 1),
    -- Физика (specialty_id=47, combination_id=47)
    (47, 1), (47, 2), (47, 3),
    -- Астрономия (specialty_id=48, combination_id=48)
    (48, 1), (48, 2), (48, 3), (48, 20),
    -- Математика (specialty_id=49, combination_id=49)
    (49, 1), (49, 3), (49, 4),
    -- Прикладная математика (specialty_id=50, combination_id=50)
    (50, 1), (50, 3), (50, 4),
    -- Прикладная математика и информатика (specialty_id=51, combination_id=51)
    (51, 1), (51, 3), (51, 4),
    -- Информационная безопасность (specialty_id=52, combination_id=52)
    (52, 1), (52, 3), (52, 4),
    -- Физика и технология наноструктур (specialty_id=53, combination_id=53)
    (53, 1), (53, 2), (53, 3),
    -- Прикладная физика (specialty_id=54, combination_id=54)
    (54, 1), (54, 2), (54, 3),
    -- Биофизика (specialty_id=55, combination_id=55)
    (55, 3), (55, 5), (55, 2),
    -- Медицинская физика (specialty_id=56, combination_id=56)
    (56, 3), (56, 5), (56, 2),
    -- Управление в технических системах (specialty_id=57, combination_id=57)
    (57, 1), (57, 3), (57, 4),
    -- Математическое моделирование (specialty_id=58, combination_id=58)
    (58, 1), (58, 3), (58, 4),
    -- Менеджмент (specialty_id=59, combination_id=59)
    (59, 1), (59, 3), (59, 9), (59, 13),
    -- Государственное и муниципальное управление (specialty_id=60, combination_id=60)
    (60, 1), (60, 3), (60, 9), (60, 18),
    -- Экономика (specialty_id=61, combination_id=61)
    (61, 1), (61, 3), (61, 9), (61, 13),
    -- Финансы и кредит (specialty_id=62, combination_id=62)
    (62, 1), (62, 3), (62, 9), (62, 13),
    -- Журналистика (specialty_id=63, combination_id=63)
    (63, 3), (63, 7), (63, 9),
    -- Филология (specialty_id=64, combination_id=64)
    (64, 3), (64, 7), (64, 9),
    -- Химия (specialty_id=65, combination_id=65)
    (65, 3), (65, 6), (65, 1),
    -- Химическая технология (specialty_id=66, combination_id=66)
    (66, 3), (66, 6), (66, 1),
    -- Радиотехника (specialty_id=67, combination_id=67)
    (67, 1), (67, 2), (67, 3),
    -- Информатика и вычислительная техника (specialty_id=68, combination_id=68)
    (68, 1), (68, 3), (68, 4),
    -- История (specialty_id=69, combination_id=69)
    (69, 3), (69, 8), (69, 9),
    -- Филология (specialty_id=70, combination_id=70)
    (70, 3), (70, 7), (70, 9),
    -- Математика (specialty_id=71, combination_id=71)
    (71, 1), (71, 3), (71, 4),
    -- Физика (specialty_id=72, combination_id=72)
    (72, 1), (72, 2), (72, 3),
    -- Экономика (specialty_id=73, combination_id=73)
    (73, 1), (73, 3), (73, 9), (73, 13),
    -- Менеджмент (specialty_id=74, combination_id=74)
    (74, 1), (74, 3), (74, 9), (74, 13),
    -- Компьютерные науки (specialty_id=75, combination_id=75)
    (75, 1), (75, 3), (75, 4),
    -- Программная инженерия (specialty_id=76, combination_id=76)
    (76, 1), (76, 3), (76, 4),
    -- Бизнес-информатика (specialty_id=77, combination_id=77)
    (77, 1), (77, 3), (77, 9),
    -- Менеджмент (specialty_id=78, combination_id=78)
    (78, 1), (78, 3), (78, 9), (78, 13),
    -- Экономика (specialty_id=79, combination_id=79)
    (79, 1), (79, 3), (79, 9), (79, 13),
    -- Финансы и кредит (specialty_id=80, combination_id=80)
    (80, 1), (80, 3), (80, 9), (80, 13),
    -- Социология (specialty_id=81, combination_id=81)
    (81, 3), (81, 9), (81, 16),
    -- Политология (specialty_id=82, combination_id=82)
    (82, 3), (82, 8), (82, 9),
    -- Физика (specialty_id=83, combination_id=83)
    (83, 1), (83, 2), (83, 3),
    -- Радиофизика (specialty_id=84, combination_id=84)
    (84, 1), (84, 2), (84, 3),
    -- Информатика и вычислительная техника (specialty_id=85, combination_id=85)
    (85, 1), (85, 3), (85, 4),
    -- Программная инженерия (specialty_id=86, combination_id=86)
    (86, 1), (86, 3), (86, 4),
    -- Перевод и переводоведение (specialty_id=87, combination_id=87)
    (87, 3), (87, 10), (87, 12),
    -- Лингвистика (specialty_id=88, combination_id=88)
    (88, 3), (88, 10), (88, 12),
    -- Журналистика (specialty_id=89, combination_id=89)
    (89, 3), (89, 7), (89, 9),
    -- Реклама и связи с общественностью (specialty_id=90, combination_id=90)
    (90, 3), (90, 7), (90, 9),
    -- История (specialty_id=91, combination_id=91)
    (91, 3), (91, 8), (91, 9),
    -- Политология (specialty_id=92, combination_id=92)
    (92, 3), (92, 8), (92, 9),
    -- Филология (specialty_id=93, combination_id=93)
    (93, 3), (93, 7), (93, 9),
    -- Журналистика (specialty_id=94, combination_id=94)
    (94, 3), (94, 7), (94, 9),
    -- Социология (specialty_id=95, combination_id=95)
    (95, 3), (95, 9), (95, 16),
    -- Антропология (specialty_id=96, combination_id=96)
    (96, 3), (96, 8), (96, 9),
    -- Математика (specialty_id=97, combination_id=97)
    (97, 1), (97, 3), (97, 4),
    -- Прикладная математика (specialty_id=98, combination_id=98)
    (98, 1), (98, 3), (98, 4),
    -- Информатика и вычислительная техника (specialty_id=99, combination_id=99)
    (99, 1), (99, 3), (99, 4),
    -- Программная инженерия (specialty_id=100, combination_id=100)
    (100, 1), (100, 3), (100, 4),
    -- Экономика (specialty_id=101, combination_id=101)
    (101, 1), (101, 3), (101, 9), (101, 13),
    -- Менеджмент (specialty_id=102, combination_id=102)
    (102, 1), (102, 3), (102, 9), (102, 13),
    -- Психология (specialty_id=103, combination_id=103)
    (103, 3), (103, 5), (103, 9),
    -- Менеджмент (specialty_id=104, combination_id=104)
    (104, 1), (104, 3), (104, 9), (104, 13),
    -- Биология (specialty_id=105, combination_id=105)
    (105, 3), (105, 5), (105, 6),
    -- Экология и природопользование (specialty_id=106, combination_id=106)
    (106, 3), (106, 5), (106, 19),
    -- Журналистика (specialty_id=107, combination_id=107)
    (107, 3), (107, 7), (107, 9),
    -- Реклама и связи с общественностью (specialty_id=108, combination_id=108)
    (108, 3), (108, 7), (108, 9),
    -- Радиотехника (specialty_id=109, combination_id=109)
    (109, 1), (109, 2), (109, 3),
    -- Электроника и наноэлектроника (specialty_id=110, combination_id=110)
    (110, 1), (110, 2), (110, 3),
    -- Экономика (specialty_id=111, combination_id=111)
    (111, 1), (111, 3), (111, 9), (111, 13),
    -- Менеджмент (specialty_id=112, combination_id=112)
    (112, 1), (112, 3), (112, 9), (112, 13),
    -- Филология (specialty_id=113, combination_id=113)
    (113, 3), (113, 7), (113, 9),
    -- Лингвистика (specialty_id=114, combination_id=114)
    (114, 3), (114, 10), (114, 12),
    -- Экономика (specialty_id=115, combination_id=115)
    (115, 1), (115, 3), (115, 9), (115, 13),
    -- Менеджмент (specialty_id=116, combination_id=116)
    (116, 1), (116, 3), (116, 9), (116, 13),
    -- Биология (specialty_id=117, combination_id=117)
    (117, 3), (117, 5), (117, 6),
    -- Химия (specialty_id=118, combination_id=118)
    (118, 3), (118, 6), (118, 1),
    -- Информатика и вычислительная техника (specialty_id=119, combination_id=119)
    (119, 1), (119, 3), (119, 4),
    -- Программная инженерия (specialty_id=120, combination_id=120)
    (120, 1), (120, 3), (120, 4),
    -- Электроника и наноэлектроника (specialty_id=121, combination_id=121)
    (121, 1), (121, 2), (121, 3),
    -- Приборостроение (specialty_id=122, combination_id=122)
    (122, 1), (122, 2), (122, 3),
    -- Машиностроение (specialty_id=123, combination_id=123)
    (123, 1), (123, 2), (123, 3),
    -- Транспортные технологии (specialty_id=124, combination_id=124)
    (124, 1), (124, 2), (124, 3),
    -- Экономика (specialty_id=125, combination_id=125)
    (125, 1), (125, 3), (125, 9), (125, 13),
    -- Менеджмент (specialty_id=126, combination_id=126)
    (126, 1), (126, 3), (126, 9), (126, 13),
    -- Социология (specialty_id=127, combination_id=127)
    (127, 3), (127, 9), (127, 16),
    -- Политология (specialty_id=128, combination_id=128)
    (128, 3), (128, 8), (128, 9),
    -- Математика (specialty_id=129, combination_id=129)
    (129, 1), (129, 3), (129, 4),
    -- Информатика и вычислительная техника (specialty_id=130, combination_id=130)
    (130, 1), (130, 3), (130, 4),
    -- Биология (specialty_id=131, combination_id=131)
    (131, 3), (131, 5), (131, 6),
    -- Экология и природопользование (specialty_id=132, combination_id=132)
    (132, 3), (132, 5), (132, 19),
    -- Физика (specialty_id=133, combination_id=133)
    (133, 1), (133, 2), (133, 3),
    -- Энергетика (specialty_id=134, combination_id=134)
    (134, 1), (134, 2), (134, 3),
    -- Менеджмент (specialty_id=135, combination_id=135)
    (135, 1), (135, 3), (135, 9), (135, 13),
    -- Государственное и муниципальное управление (specialty_id=136, combination_id=136)
    (136, 1), (136, 3), (136, 9), (136, 18),
    -- Математика (specialty_id=137, combination_id=137)
    (137, 1), (137, 3), (137, 4),
    -- Прикладная математика (specialty_id=138, combination_id=138)
    (138, 1), (138, 3), (138, 4),
    -- Перевод и переводоведение (specialty_id=139, combination_id=139)
    (139, 3), (139, 10), (139, 12),
    -- Лингвистика (specialty_id=140, combination_id=140)
    (140, 3), (140, 10), (140, 12),
    -- Экономика (specialty_id=141, combination_id=141)
    (141, 1), (141, 3), (141, 9), (141, 13),
    -- Финансы и кредит (specialty_id=142, combination_id=142)
    (142, 1), (142, 3), (142, 9), (142, 13),
    -- География (specialty_id=143, combination_id=143)
    (143, 3), (143, 11), (143, 9),
    -- Экология и природопользование (specialty_id=144, combination_id=144)
    (144, 3), (144, 5), (144, 19),
    -- Информатика и вычислительная техника (specialty_id=145, combination_id=145)
    (145, 1), (145, 3), (145, 4),
    -- Кибербезопасность (specialty_id=146, combination_id=146)
    (146, 1), (146, 3), (146, 4),
    -- Механика и математическое моделирование (specialty_id=147, combination_id=147)
    (147, 1), (147, 3), (147, 4),
    -- Математика (specialty_id=148, combination_id=148)
    (148, 1), (148, 3), (148, 4),
    -- Экономика (specialty_id=149, combination_id=149)
    (149, 1), (149, 3), (149, 9), (149, 13),
    -- Менеджмент (specialty_id=150, combination_id=150)
    (150, 1), (150, 3), (150, 9), (150, 13),
    -- Биология (specialty_id=151, combination_id=151)
    (151, 3), (151, 5), (151, 6),
    -- География (specialty_id=152, combination_id=152)
    (152, 3), (152, 11), (152, 9),
    -- История (specialty_id=153, combination_id=153)
    (153, 3), (153, 8), (153, 9),
    -- Археология (specialty_id=154, combination_id=154)
    (154, 3), (154, 8), (154, 9),
    -- Филология (specialty_id=155, combination_id=155)
    (155, 3), (155, 7), (155, 9),
    -- Лингвистика (specialty_id=156, combination_id=156)
    (156, 3), (156, 10), (156, 12),
    -- Физика (specialty_id=157, combination_id=157)
    (157, 1), (157, 2), (157, 3),
    -- Математика (specialty_id=158, combination_id=158)
    (158, 1), (158, 3), (158, 4),
    -- Экономика (specialty_id=159, combination_id=159)
    (159, 1), (159, 3), (159, 9), (159, 13),
    -- Менеджмент (specialty_id=160, combination_id=160)
    (160, 1), (160, 3), (160, 9), (160, 13),
    -- Биология (specialty_id=161, combination_id=161)
    (161, 3), (161, 5), (161, 6),
    -- Экология и природопользование (specialty_id=162, combination_id=162)
    (162, 3), (162, 5), (162, 19),
    -- Биология (specialty_id=163, combination_id=163)
    (163, 3), (163, 5), (163, 6),
    -- Химия (specialty_id=164, combination_id=164)
    (164, 3), (164, 6), (164, 1),
    -- Социология (specialty_id=165, combination_id=165)
    (165, 3), (165, 9), (165, 16),
    -- Политология (specialty_id=166, combination_id=166)
    (166, 3), (166, 8), (166, 9),
    -- Экономика (specialty_id=167, combination_id=167)
    (167, 1), (167, 3), (167, 9), (167, 13),
    -- Менеджмент (specialty_id=168, combination_id=168)
    (168, 1), (168, 3), (168, 9), (168, 13),
    -- Филология (specialty_id=169, combination_id=169)
    (169, 3), (169, 7), (169, 9),
    -- Лингвистика (specialty_id=170, combination_id=170)
    (170, 3), (170, 10), (170, 12),
    -- Биология (specialty_id=171, combination_id=171)
    (171, 3), (171, 5), (171, 6),
    -- Экология и природопользование (specialty_id=172, combination_id=172)
    (172, 3), (172, 5), (172, 19),
    -- Химия (specialty_id=173, combination_id=173)
    (173, 3), (173, 6), (173, 1),
    -- Физика (specialty_id=174, combination_id=174)
    (174, 1), (174, 2), (174, 3),
    -- Информатика и вычислительная техника (specialty_id=175, combination_id=175)
    (175, 1), (175, 3), (175, 4),
    -- Программная инженерия (specialty_id=176, combination_id=176)
    (176, 1), (176, 3), (176, 4),
    -- Экономика (specialty_id=177, combination_id=177)
    (177, 1), (177, 3), (177, 9), (177, 13),
    -- Менеджмент (specialty_id=178, combination_id=178)
    (178, 1), (178, 3), (178, 9), (178, 13),
    -- Филология (specialty_id=179, combination_id=179)
    (179, 3), (179, 7), (179, 9),
    -- Лингвистика (specialty_id=180, combination_id=180)
    (180, 3), (180, 10), (180, 12),
    -- Биология (specialty_id=181, combination_id=181)
    (181, 3), (181, 5), (181, 6),
    -- Химия (specialty_id=182, combination_id=182)
    (182, 3), (182, 6), (182, 1),
    -- Экономика (specialty_id=183, combination_id=183)
    (183, 1), (183, 3), (183, 9), (183, 13),
    -- Менеджмент (specialty_id=184, combination_id=184)
    (184, 1), (184, 3), (184, 9), (184, 13),
    -- Физика (specialty_id=185, combination_id=185)
    (185, 1), (185, 2), (185, 3),
    -- Информатика и вычислительная техника (specialty_id=186, combination_id=186)
    (186, 1), (186, 3), (186, 4),
    -- Экономика (specialty_id=187, combination_id=187)
    (187, 1), (187, 3), (187, 9), (187, 13),
    -- Менеджмент (specialty_id=188, combination_id=188)
    (188, 1), (188, 3), (188, 9), (188, 13),
    -- Филология (specialty_id=189, combination_id=189)
    (189, 3), (189, 7), (189, 9),
    -- Лингвистика (specialty_id=190, combination_id=190)
    (190, 3), (190, 10), (190, 12),
    -- Биология (specialty_id=191, combination_id=191)
    (191, 3), (191, 5), (191, 6),
    -- Химия (specialty_id=192, combination_id=192)
    (192, 3), (192, 6), (192, 1),
    -- Экономика (specialty_id=193, combination_id=193)
    (193, 1), (193, 3), (193, 9), (193, 13),
    -- Менеджмент (specialty_id=194, combination_id=194)
    (194, 1), (194, 3), (194, 9), (194, 13),
    -- Филология (specialty_id=195, combination_id=195)
    (195, 3), (195, 7), (195, 9),
    -- Лингвистика (specialty_id=196, combination_id=196)
    (196, 3), (196, 10), (196, 12),
    -- Информатика и вычислительная техника (specialty_id=197, combination_id=197)
    (197, 1), (197, 3), (197, 4),
    -- Программная инженерия (specialty_id=198, combination_id=198)
    (198, 1), (198, 3), (198, 4),
    -- Экономика (specialty_id=199, combination_id=199)
    (199, 1), (199, 3), (199, 9), (199, 13),
    -- Менеджмент (specialty_id=200, combination_id=200)
    (200, 1), (200, 3), (200, 9), (200, 13),
    -- Филология (specialty_id=201, combination_id=201)
    (201, 3), (201, 7), (201, 9),
    -- Лингвистика (specialty_id=202, combination_id=202)
    (202, 3), (202, 10), (202, 12),
    -- Биология (specialty_id=203, combination_id=203)
    (203, 3), (203, 5), (203, 6),
    -- Химия (specialty_id=204, combination_id=204)
    (204, 3), (204, 6), (204, 1),
    -- Экономика (specialty_id=205, combination_id=205)
    (205, 1), (205, 3), (205, 9), (205, 13),
    -- Менеджмент (specialty_id=206, combination_id=206)
    (206, 1), (206, 3), (206, 9), (206, 13),
    -- Филология (specialty_id=207, combination_id=207)
    (207, 3), (207, 7), (207, 9),
    -- Лингвистика (specialty_id=208, combination_id=208)
    (208, 3), (208, 10), (208, 12),
    -- Информатика и вычислительная техника (specialty_id=209, combination_id=209)
    (209, 1), (209, 3), (209, 4),
    -- Программная инженерия (specialty_id=210, combination_id=210)
    (210, 1), (210, 3), (210, 4),
    -- Нанотехнологии (specialty_id=211, combination_id=211)
    (211, 1), (211, 2), (211, 3),
    -- Биомедицинские технологии (specialty_id=212, combination_id=212)
    (212, 3), (212, 5), (212, 6),
    -- Биоинженерия (specialty_id=213, combination_id=213)
    (213, 3), (213, 5), (213, 6),
    -- Психология (specialty_id=214, combination_id=214)
    (214, 3), (214, 5), (214, 9),
    -- Философия (specialty_id=215, combination_id=215)
    (215, 3), (215, 8), (215, 9),
    -- Клиническая психология (specialty_id=216, combination_id=216)
    (216, 3), (216, 5), (216, 9),
    -- Информатика и вычислительная техника (specialty_id=217, combination_id=217)
    (217, 1), (217, 3), (217, 4),
    -- Программная инженерия (specialty_id=218, combination_id=218)
    (218, 1), (218, 3), (218, 4),
    -- Информационная безопасность (specialty_id=219, combination_id=219)
    (219, 1), (219, 3), (219, 4),
    -- Информатика и вычислительная техника (specialty_id=220, combination_id=220)
    (220, 1), (220, 3), (220, 4),
    -- Автоматизация технологических процессов (specialty_id=221, combination_id=221)
    (221, 1), (221, 2), (221, 3),
    -- Информационные системы и технологии (specialty_id=222, combination_id=222)
    (222, 1), (222, 3), (222, 4),
    -- Робототехника (specialty_id=223, combination_id=223)
    (223, 1), (223, 2), (223, 3),
    -- Мехатроника (specialty_id=224, combination_id=224)
    (224, 1), (224, 2), (224, 3),
    -- Автоматизация и управление (specialty_id=225, combination_id=225)
    (225, 1), (225, 2), (225, 3),
    -- Машиностроение (specialty_id=226, combination_id=226)
    (226, 1), (226, 2), (226, 3),
    -- Технология машиностроения (specialty_id=227, combination_id=227)
    (227, 1), (227, 2), (227, 3),
    -- Конструкторско-технологическое обеспечение (specialty_id=228, combination_id=228)
    (228, 1), (228, 2), (228, 3),
    -- Экономика (specialty_id=229, combination_id=229)
    (229, 1), (229, 3), (229, 9), (229, 13),
    -- Бизнес-информатика (specialty_id=230, combination_id=230)
    (230, 1), (230, 3), (230, 9),
    -- Менеджмент (specialty_id=231, combination_id=231)
    (231, 1), (231, 3), (231, 9), (231, 13),
    -- Финансы и кредит (specialty_id=232, combination_id=232)
    (232, 1), (232, 3), (232, 9), (232, 13),
    -- Банковское дело (specialty_id=233, combination_id=233)
    (233, 1), (233, 3), (233, 9), (233, 13),
    -- Страховое дело (specialty_id=234, combination_id=234)
    (234, 1), (234, 3), (234, 9), (234, 13),
    -- Мировая экономика (specialty_id=235, combination_id=235)
    (235, 1), (235, 3), (235, 9), (235, 10),
    -- Международные отношения (specialty_id=236, combination_id=236)
    (236, 3), (236, 8), (236, 10),
    -- Внешнеэкономическая деятельность (specialty_id=237, combination_id=237)
    (237, 1), (237, 3), (237, 9), (237, 10),
    -- Лечебное дело (specialty_id=238, combination_id=238)
    (238, 3), (238, 5), (238, 6),
    -- Педиатрия (specialty_id=239, combination_id=239)
    (239, 3), (239, 5), (239, 6),
    -- Медико-профилактическое дело (specialty_id=240, combination_id=240)
    (240, 3), (240, 5), (240, 6),
    -- Стоматология (specialty_id=241, combination_id=241)
    (241, 3), (241, 5), (241, 6),
    -- Ортодонтия (specialty_id=242, combination_id=242)
    (242, 3), (242, 5), (242, 6),
    -- Челюстно-лицевая хирургия (specialty_id=243, combination_id=243)
    (243, 3), (243, 5), (243, 6),
    -- Клиническая психология (specialty_id=244, combination_id=244)
    (244, 3), (244, 5), (244, 9),
    -- Психология здоровья (specialty_id=245, combination_id=245)
    (245, 3), (245, 5), (245, 9),
    -- Нейропсихология (specialty_id=246, combination_id=246)
    (246, 3), (246, 5), (246, 9),
    -- Экономика (specialty_id=247, combination_id=247)
    (247, 1), (247, 3), (247, 9), (247, 13),
    -- Финансы и кредит (specialty_id=248, combination_id=248)
    (248, 1), (248, 3), (248, 9), (248, 13),
    -- Бухгалтерский учет и аудит (specialty_id=249, combination_id=249)
    (249, 1), (249, 3), (249, 9), (249, 13),
    -- Менеджмент (specialty_id=250, combination_id=250)
    (250, 1), (250, 3), (250, 9), (250, 13),
    -- Логистика (specialty_id=251, combination_id=251)
    (251, 1), (251, 3), (251, 9), (251, 13),
    -- Управление персоналом (specialty_id=252, combination_id=252)
    (252, 1), (252, 3), (252, 9), (252, 13),
    -- Прикладная информатика (specialty_id=253, combination_id=253)
    (253, 1), (253, 3), (253, 4),
    -- Информационные системы (specialty_id=254, combination_id=254)
    (254, 1), (254, 3), (254, 4),
    -- Математическое моделирование (specialty_id=255, combination_id=255)
    (255, 1), (255, 3), (255, 4),
    -- Радиофизика (specialty_id=256, combination_id=256)
    (256, 1), (256, 2), (256, 3),
    -- Физика (specialty_id=257, combination_id=257)
    (257, 1), (257, 2), (257, 3),
    -- Электроника и наноэлектроника (specialty_id=258, combination_id=258)
    (258, 1), (258, 2), (258, 3),
    -- Социология (specialty_id=259, combination_id=259)
    (259, 3), (259, 9), (259, 16),
    -- Политология (specialty_id=260, combination_id=260)
    (260, 3), (260, 8), (260, 9),
    -- Социальная работа (specialty_id=261, combination_id=261)
    (261, 3), (261, 9), (261, 16),
    -- Химия (specialty_id=262, combination_id=262)
    (262, 3), (262, 6), (262, 1),
    -- Химическая технология (specialty_id=263, combination_id=263)
    (263, 3), (263, 6), (263, 1),
    -- Биохимия (specialty_id=264, combination_id=264)
    (264, 3), (264, 5), (264, 6),
    -- Машиностроение (specialty_id=265, combination_id=265)
    (265, 1), (265, 2), (265, 3),
    -- Технология машиностроения (specialty_id=266, combination_id=266)
    (266, 1), (266, 2), (266, 3),
    -- Автоматизация производства (specialty_id=267, combination_id=267)
    (267, 1), (267, 2), (267, 3),
    -- Энергетика (specialty_id=268, combination_id=268)
    (268, 1), (268, 2), (268, 3),
    -- Транспортные технологии (specialty_id=269, combination_id=269)
    (269, 1), (269, 2), (269, 3),
    -- Электроэнергетика (specialty_id=270, combination_id=270)
    (270, 1), (270, 2), (270, 3),
    -- Информатика и вычислительная техника (specialty_id=271, combination_id=271)
    (271, 1), (271, 3), (271, 4),
    -- Программная инженерия (specialty_id=272, combination_id=272)
    (272, 1), (272, 3), (272, 4),
    -- Информационная безопасность (specialty_id=273, combination_id=273)
    (273, 1), (273, 3), (273, 4),
    -- Прикладная математика и информатика (specialty_id=274, combination_id=274)
    (274, 1), (274, 3), (274, 4),
    -- Информационные системы (specialty_id=275, combination_id=275)
    (275, 1), (275, 3), (275, 4),
    -- Программная инженерия (specialty_id=276, combination_id=276)
    (276, 1), (276, 3), (276, 4),
    -- Юриспруденция (specialty_id=277, combination_id=277)
    (277, 3), (277, 8), (277, 9),
    -- Правоохранительная деятельность (specialty_id=278, combination_id=278)
    (278, 3), (278, 8), (278, 9),
    -- Международное право (specialty_id=279, combination_id=279)
    (279, 3), (279, 8), (279, 10),
    -- Архитектура (specialty_id=280, combination_id=280)
    (280, 1), (280, 3), (280, 7),
    -- Строительство (specialty_id=281, combination_id=281)
    (281, 1), (281, 2), (281, 3),
    -- Градостроительство (specialty_id=282, combination_id=282)
    (282, 1), (282, 3), (282, 7),
    -- Юриспруденция (specialty_id=283, combination_id=283)
    (283, 3), (283, 8), (283, 9),
    -- Государственное и муниципальное управление (specialty_id=284, combination_id=284)
    (284, 1), (284, 3), (284, 9), (284, 18),
    -- Менеджмент (specialty_id=285, combination_id=285)
    (285, 1), (285, 3), (285, 9), (285, 13),
    -- Физика (specialty_id=286, combination_id=286)
    (286, 1), (286, 2), (286, 3),
    -- Телекоммуникации (specialty_id=287, combination_id=287)
    (287, 1), (287, 2), (287, 3),
    -- Радиофизика (specialty_id=288, combination_id=288)
    (288, 1), (288, 2), (288, 3),
    -- Экономика (specialty_id=289, combination_id=289)
    (289, 1), (289, 3), (289, 9), (289, 13),
    -- Финансы и кредит (specialty_id=290, combination_id=290)
    (290, 1), (290, 3), (290, 9), (290, 13),
    -- Бухгалтерский учет и аудит (specialty_id=291, combination_id=291)
    (291, 1), (291, 3), (291, 9), (291, 13),
    -- Лечебное дело (specialty_id=292, combination_id=292)
    (292, 3), (292, 5), (292, 6),
    -- Педиатрия (specialty_id=293, combination_id=293)
    (293, 3), (293, 5), (293, 6),
    -- Медико-профилактическое дело (specialty_id=294, combination_id=294)
    (294, 3), (294, 5), (294, 6),
    -- Фармация (specialty_id=295, combination_id=295)
    (295, 3), (295, 5), (295, 6),
    -- Биотехнология (specialty_id=296, combination_id=296)
    (296, 3), (296, 5), (296, 6),
    -- Химическая технология лекарств (specialty_id=297, combination_id=297)
    (297, 3), (297, 6), (297, 1),
    -- Клиническая психология (specialty_id=298, combination_id=298)
    (298, 3), (298, 5), (298, 9),
    -- Психология здоровья (specialty_id=299, combination_id=299)
    (299, 3), (299, 5), (299, 9),
    -- Нейропсихология (specialty_id=300, combination_id=300)
    (300, 3), (300, 5), (300, 9),
    -- Биология (specialty_id=301, combination_id=301)
    (301, 3), (301, 5), (301, 6),
    -- Химия (specialty_id=302, combination_id=302)
    (302, 3), (302, 6), (302, 1),
    -- Экология и природопользование (specialty_id=303, combination_id=303)
    (303, 3), (303, 5), (303, 19),
    -- Перевод и переводоведение (specialty_id=304, combination_id=304)
    (304, 3), (304, 10), (304, 12),
    -- Лингвистика (specialty_id=305, combination_id=305)
    (305, 3), (305, 10), (305, 12),
    -- Иностранные языки (specialty_id=306, combination_id=306)
    (306, 3), (306, 10), (306, 12),
    -- Экономика (specialty_id=307, combination_id=307)
    (307, 1), (307, 3), (307, 9), (307, 13),
    -- Менеджмент (specialty_id=308, combination_id=308)
    (308, 1), (308, 3), (308, 9), (308, 13),
    -- Государственное и муниципальное управление (specialty_id=309, combination_id=309)
    (309, 1), (309, 3), (309, 9), (309, 18),
    -- Машиностроение (specialty_id=310, combination_id=310)
    (310, 1), (310, 2), (310, 3),
    -- Транспортные технологии (specialty_id=311, combination_id=311)
    (311, 1), (311, 2), (311, 3),
    -- Автоматизация производства (specialty_id=312, combination_id=312)
    (312, 1), (312, 2), (312, 3),
    -- Информатика и вычислительная техника (specialty_id=313, combination_id=313)
    (313, 1), (313, 3), (313, 4),
    -- Программная инженерия (specialty_id=314, combination_id=314)
    (314, 1), (314, 3), (314, 4),
    -- Информационная безопасность (specialty_id=315, combination_id=315)
    (315, 1), (315, 3), (315, 4),
    -- Экономика (specialty_id=316, combination_id=316)
    (316, 1), (316, 3), (316, 9), (316, 13),
    -- Менеджмент (specialty_id=317, combination_id=317)
    (317, 1), (317, 3), (317, 9), (317, 13),
    -- Финансы и кредит (specialty_id=318, combination_id=318)
    (318, 1), (318, 3), (318, 9), (318, 13),
    -- Информатика и вычислительная техника (specialty_id=319, combination_id=319)
    (319, 1), (319, 3), (319, 4),
    -- Кибербезопасность (specialty_id=320, combination_id=320)
    (320, 1), (320, 3), (320, 4),
    -- Программная инженерия (specialty_id=321, combination_id=321)
    (321, 1), (321, 3), (321, 4),
    -- Строительство (specialty_id=322, combination_id=322)
    (322, 1), (322, 2), (322, 3),
    -- Горное дело (specialty_id=323, combination_id=323)
    (323, 1), (323, 2), (323, 3),
    -- Геотехнологии (specialty_id=324, combination_id=324)
    (324, 1), (324, 2), (324, 3),
    -- Юриспруденция (specialty_id=325, combination_id=325)
    (325, 3), (325, 8), (325, 9),
    -- Правоохранительная деятельность (specialty_id=326, combination_id=326)
    (326, 3), (326, 8), (326, 9),
    -- Международное право (specialty_id=327, combination_id=327)
    (327, 3), (327, 8), (327, 10),
    -- Математика (specialty_id=328, combination_id=328)
    (328, 1), (328, 3), (328, 4),
    -- Информатика и вычислительная техника (specialty_id=329, combination_id=329)
    (329, 1), (329, 3), (329, 4),
    -- Прикладная математика (specialty_id=330, combination_id=330)
    (330, 1), (330, 3), (330, 4),
    -- Химия (specialty_id=331, combination_id=331)
    (331, 3), (331, 6), (331, 1),
    -- Биохимия (specialty_id=332, combination_id=332)
    (332, 3), (332, 5), (332, 6),
    -- Химическая технология (specialty_id=333, combination_id=333)
    (333, 3), (333, 6), (333, 1),
    -- Филология (specialty_id=334, combination_id=334)
    (334, 3), (334, 7), (334, 9),
    -- Лингвистика (specialty_id=335, combination_id=335)
    (335, 3), (335, 10), (335, 12),
    -- Перевод и переводоведение (specialty_id=336, combination_id=336)
    (336, 3), (336, 10), (336, 12),
    -- Экономика (specialty_id=337, combination_id=337)
    (337, 1), (337, 3), (337, 9), (337, 13),
    -- Менеджмент (specialty_id=338, combination_id=338)
    (338, 1), (338, 3), (338, 9), (338, 13),
    -- Государственное и муниципальное управление (specialty_id=339, combination_id=339)
    (339, 1), (339, 3), (339, 9), (339, 18),
    -- Юриспруденция (specialty_id=340, combination_id=340)
    (340, 3), (340, 8), (340, 9),
    -- Правоохранительная деятельность (specialty_id=341, combination_id=341)
    (341, 3), (341, 8), (341, 9),
    -- Международное право (specialty_id=342, combination_id=342)
    (342, 3), (342, 8), (342, 10),
    -- Биология (specialty_id=343, combination_id=343)
    (343, 3), (343, 5), (343, 6),
    -- Экология и природопользование (specialty_id=344, combination_id=344)
    (344, 3), (344, 5), (344, 19),
    -- Биохимия (specialty_id=345, combination_id=345)
    (345, 3), (345, 5), (345, 6),
    -- Экономика (specialty_id=346, combination_id=346)
    (346, 1), (346, 3), (346, 9), (346, 13),
    -- Менеджмент (specialty_id=347, combination_id=347)
    (347, 1), (347, 3), (347, 9), (347, 13),
    -- Финансы и кредит (specialty_id=348, combination_id=348)
    (348, 1), (348, 3), (348, 9), (348, 13),
    -- Юриспруденция (specialty_id=349, combination_id=349)
    (349, 3), (349, 8), (349, 9),
    -- Правоохранительная деятельность (specialty_id=350, combination_id=350)
    (350, 3), (350, 8), (350, 9),
    -- Международное право (specialty_id=351, combination_id=351)
    (351, 3), (351, 8), (351, 10),
    -- Филология (specialty_id=352, combination_id=352)
    (352, 3), (352, 7), (352, 9),
    -- Лингвистика (specialty_id=353, combination_id=353)
    (353, 3), (353, 10), (353, 12),
    -- Перевод и переводоведение (specialty_id=354, combination_id=354)
    (354, 3), (354, 10), (354, 12),
    -- Физика (specialty_id=355, combination_id=355)
    (355, 1), (355, 2), (355, 3),
    -- Математика (specialty_id=356, combination_id=356)
    (356, 1), (356, 3), (356, 4),
    -- Прикладная математика (specialty_id=357, combination_id=357)
    (357, 1), (357, 3), (357, 4),
    -- Химия (specialty_id=358, combination_id=358)
    (358, 3), (358, 6), (358, 1),
    -- Биология (specialty_id=359, combination_id=359)
    (359, 3), (359, 5), (359, 6),
    -- Экология и природопользование (specialty_id=360, combination_id=360)
    (360, 3), (360, 5), (360, 19),
    -- Экономика (specialty_id=361, combination_id=361)
    (361, 1), (361, 3), (361, 9), (361, 13),
    -- Менеджмент (specialty_id=362, combination_id=362)
    (362, 1), (362, 3), (362, 9), (362, 13),
    -- Финансы и кредит (specialty_id=363, combination_id=363)
    (363, 1), (363, 3), (363, 9), (363, 13),
    -- Филология (specialty_id=364, combination_id=364)
    (364, 3), (364, 7), (364, 9),
    -- История (specialty_id=365, combination_id=365)
    (365, 3), (365, 8), (365, 9),
    -- Лингвистика (specialty_id=366, combination_id=366)
    (366, 3), (366, 10), (366, 12),
    -- Экономика (specialty_id=367, combination_id=367)
    (367, 1), (367, 3), (367, 9), (367, 13),
    -- Юриспруденция (specialty_id=368, combination_id=368)
    (368, 3), (368, 8), (368, 9),
    -- Менеджмент (specialty_id=369, combination_id=369)
    (369, 1), (369, 3), (369, 9), (369, 13),
    -- Агроинженерия (specialty_id=370, combination_id=370)
    (370, 1), (370, 2), (370, 3),
    -- Технология производства сельхозпродукции (specialty_id=371, combination_id=371)
    (371, 3), (371, 5), (371, 6),
    -- Экология в сельском хозяйстве (specialty_id=372, combination_id=372)
    (372, 3), (372, 5), (372, 19),
    -- Экономика (specialty_id=373, combination_id=373)
    (373, 1), (373, 3), (373, 9), (373, 13),
    -- Менеджмент (specialty_id=374, combination_id=374)
    (374, 1), (374, 3), (374, 9), (374, 13),
    -- Государственное и муниципальное управление (specialty_id=375, combination_id=375)
    (375, 1), (375, 3), (375, 9), (375, 18),
    -- Филология (specialty_id=376, combination_id=376)
    (376, 3), (376, 7), (376, 9),
    -- Лингвистика (specialty_id=377, combination_id=377)
    (377, 3), (377, 10), (377, 12),
    -- Перевод и переводоведение (specialty_id=378, combination_id=378)
    (378, 3), (378, 10), (378, 12),
    -- Биология (specialty_id=379, combination_id=379)
    (379, 3), (379, 5), (379, 6),
    -- Химия (specialty_id=380, combination_id=380)
    (380, 3), (380, 6), (380, 1),
    -- Экология и природопользование (specialty_id=381, combination_id=381)
    (381, 3), (381, 5), (381, 19),
    -- Математика (specialty_id=382, combination_id=382)
    (382, 1), (382, 3), (382, 4),
    -- Информатика и вычислительная техника (specialty_id=383, combination_id=383)
    (383, 1), (383, 3), (383, 4),
    -- Программная инженерия (specialty_id=384, combination_id=384)
    (384, 1), (384, 3), (384, 4),
    -- Филология (specialty_id=385, combination_id=385)
    (385, 3), (385, 7), (385, 9),
    -- Лингвистика (specialty_id=386, combination_id=386)
    (386, 3), (386, 10), (386, 12),
    -- Перевод и переводоведение (specialty_id=387, combination_id=387)
    (387, 3), (387, 10), (387, 12),
    -- Лесное дело (specialty_id=388, combination_id=388)
    (388, 3), (388, 5), (388, 19),
    -- Технология лесозаготовок (specialty_id=389, combination_id=389)
    (389, 3), (389, 5), (389, 19),
    -- Экология лесных ресурсов (specialty_id=390, combination_id=390)
    (390, 3), (390, 5), (390, 19),
    -- Информатика и вычислительная техника (specialty_id=391, combination_id=391)
    (391, 1), (391, 3), (391, 4),
    -- Программная инженерия (specialty_id=392, combination_id=392)
    (392, 1), (392, 3), (392, 4),
    -- Информационная безопасность (specialty_id=393, combination_id=393)
    (393, 1), (393, 3), (393, 4),
    -- Экономика (specialty_id=394, combination_id=394)
    (394, 1), (394, 3), (394, 9), (394, 13),
    -- Менеджмент (specialty_id=395, combination_id=395)
    (395, 1), (395, 3), (395, 9), (395, 13),
    -- Финансы и кредит (specialty_id=396, combination_id=396)
    (396, 1), (396, 3), (396, 9), (396, 13),
    -- Филология (specialty_id=397, combination_id=397)
    (397, 3), (397, 7), (397, 9),
    -- Лингвистика (specialty_id=398, combination_id=398)
    (398, 3), (398, 10), (398, 12),
    -- Перевод и переводоведение (specialty_id=399, combination_id=399)
    (399, 3), (399, 10), (399, 12);

-- Вставка данных в таблицу roles
INSERT INTO roles (id, role_name) VALUES
    (1, 'ROLE_USER'),    -- Обычный пользователь
    (2, 'ROLE_ADMIN'),   -- Администратор
    (3, 'ROLE_EDITOR');  -- Редактор